الصنف,الافتتاحي,المتبقي
PORTLAND SNOW RC 100x100 ,7570.000000000001,7570.000000000001
RAL 0007500 GREIGE MATT CB SIT-IN6MM 10X20 Matt,5508.0,5508.0
Soft Grey 61x61,5000.440000000001,5000.440000000001
Plaza Bone Rec. 80x80,4951.320000000001,4951.320000000001
Cement Bone 60x120,4860.0,4860.0
ARK IVORY 1  60x120  ,4404.400000000001,4404.400000000001
W RAL 9016 WHITE GLS nR 20x20,4298.0,4298.0
Cement Bone 100x100,4296.0,4296.0
PORTLAND BONE RC 100x100,3940.0,3940.0
PORTLAND GREY RC 60x120 ,3517.92,3517.92
OMBLINE GRIS 60x60 RC (PRC) ,3277.44,3277.44
Beige Marble 30x60,3031.56,3031.56
P.C. ULISSE NATURAL MT 120X280 RECT.,2980.32,2980.32
MELDEN 1. 60x120,2957.04,2957.04
Nordic Ivory Full Lap 1 60x120 ,2926.8,2926.8
Ark Anthracite 60x120 ,2885.76,2885.76
ARK SILVER 1.  60x120,2836.08,2836.08
ARK SILVER 1  100x100   ,2720.0,2720.0
ARK IVORY 1  100x100   ,2704.0,2704.0
Plaza K.gri Rec. 80x80 ,2408.96,2408.96
LT CALACATTA  GOLD SOFT PRC. RC. 60X120 CASPIO,2255.04,2255.04
BIANCO RIVER FULL LAP 60x120,2136.24,2136.24
RAL 0007500 GREIGE GREJ R10B R 20x20 Matt,2095.0,2095.0
KMK Alpes Nuez 20x120,2050.8,2050.8
ARCIDES SMOKE 1. 60x120,2019.6,2019.6
Cali Sand 60x120,1979.0,1979.0
Statuario Blanco 120x120,1958.4,1958.4
Bianco Colorado 80x80,1957.12,1957.12
60 X 60 X 2 SG TRAVERTINE BEIGE EXP.,1926.72,1926.72
 SL ETIENNE WHITE PRC RC 60x120,1916.64,1916.64
SL GOLDONI GRIGIO PRC RC 90x90,1898.64,1898.64
G. CRONOS MARFIL POLISHED 60x120 ,1840.0,1840.0
SL HONTORIA CREAM 120x120,1728.0,1728.0
Diamond Grey 30x60,1719.8,1719.8
Oleron Grey Lapatto 80x80,1719.32,1719.32
STATUARIO ORO SATIN 60X120,1687.68,1687.68
SWIMMING POOL ( NIEVE AZUL CIELO 25254 PVC 1a ) 2.5*2.5,1582.4,1582.4
CRISTAL CREAM PULIDO REC 120x120 ,1568.16,1568.16
CALCATTA GOLDIE FULL LAP 60X120,1520.64,1520.64
Rose Beige Marble 30x60,1466.1,1466.1
Fiction Wallace MT 100x100 cm,1453.0,1453.0
Nehir Grey 120x120,1413.0,1413.0
TIMELESSWOOD TEAK RECTIFICADO 20x120,1406.4,1406.4
Sg Norgay Full Lap 1 60X120,1401.84,1401.84
SWIMMING POOL (NIEVE AZUL CELESTE 25251 PVC 1a ) 2.5*2.5,1397.67,1397.67
P.C. KILIAN WHITE PUL 120X280 RECT,1384.32,1384.32
Nordic Grey Full Lap 1 60x120,1382.56,1382.56
LAGOM GRA 1 60x120,1289.52,1289.52
River Ivory Lappato 60X120,1284.2,1284.2
CEMENTO GREY 1.  60x120,1276.56,1276.56
MARJINAL BEYAZ FULL LAP 1 60x120,1272.24,1272.24
MARTINS MARBLE LIGHT FULL LAP 60X120,1272.24,1272.24
KMK Alpes Haya 20x120 ,1261.2,1261.2
Bianco Colorado 120x120,1255.68,1255.68
MARFIL ROSSO FULL LAP 60X120,1242.0,1242.0
Tessino Ivory Pulido 120x120,1221.12,1221.12
G. CRONOS BLANCO POLISHED 60x120,1220.72,1220.72
P.C. LUMIERE NATURAL PUL. 120X280 RECT ,1212.96,1212.96
P.E HOPE GREY MT RECT 60x120 ,1199.77,1199.77
CARVALLO NOGAL 30X120,1197.0,1197.0
P.E HOPE IVORY MT RECT 100x100,1186.02,1186.02
P.E HOPE WHITE MT RECT 100x100 ,1184.04,1184.04
Statale Greige Mate 60×120 Sl Rc,1157.76,1157.76
ETERNITY WHITE MT 60x120 ,1150.56,1150.56
Dustin Gris Matt 60x120,1139.71,1139.71
Castagna Bianco 20x120,1135.64,1135.64
SL GOLDONI BIANCO PRC RC 90x90,1111.32,1111.32
AMAZON CREAM PL 60x120,1098.72,1098.72
31X46 PURE VIRIDIAN DOT,1096.2,1096.2
Sicilia Marron 33.3x33.3,1082.25,1082.25
SWIMMING POOL ( CEN 1 ),1080.0,1080.0
SL GOLDONI GRIGIO PRC RC 60x120,1077.12,1077.12
Norwich White Mate 120×120 SL RC,1072.8,1072.8
LT ROMA CREAM SOFT 60x120,1056.96,1056.96
MAJESTIC CREAM SILKY 60x120,1054.08,1054.08
CLASSIC Travertine - AMERICAN SIZE 40.6x61 CM,1049.37,1049.37
Mono z Mutt Ivory 60x60,1042.2,1042.2
KAMALA NOIR 40x60x1.2 ,1018.8,1018.8
CONQUES PIEDRA 40x60x1.2 ,1002.06,1002.06
BELLVER GREY MT 90x90,1001.16,1001.16
Amazon Grey 30.5x15.2x3cm,999.9906400000001,999.9906400000001
CONQUES NOIR 40x60x1.2  ,992.94,992.94
KAMALA SAND 40x60x1.2  ,985.2,985.2
SWIMMING POOL (NIEVE VERDE 25357 PVC 1a ) 2.5*2.5,983.58,983.58
Tessino Smoke Natural 120x120,983.5200000000001,983.5200000000001
CONCEPT GRAPHITE SILK 60x120,980.6400000000001,980.6400000000001
CRISTAL CREAM PULIDO REC 60x120,977.7600000000001,977.7600000000001
NEOCEM CREAM RECTIFICADO 60x120 ,977.7600000000001,977.7600000000001
TOGA TAUPE RECTIFICADO 60x120 ,977.7600000000001,977.7600000000001
STATUARIO ORO Pulido 60X120,974.8800000000001,974.8800000000001
31X46 PURE COBALT DOT,972.3700000000001,972.3700000000001
ROMA WHITE SOFT 60X120,972.0000000000001,972.0000000000001
Tessino Ivory Natural 60x120,968.1200000000001,968.1200000000001
Pietra Antica Crema 80x160,967.6800000000001,967.6800000000001
Tessino Smoke Pulido 120x120,963.3600000000001,963.3600000000001
Acron Ivory 60x120 SL,961.9200000000001,961.9200000000001
Classic Travertine 33x61- 3CM,952.6100000000001,952.6100000000001
CAPRI DARK MATT 60X60,940.32,940.32
Xtreme-SuperCol-C2TES2,923.0000000000001,923.0000000000001
Pietra Grey MT 120x120,897.1200000000001,897.1200000000001
Statuario Blanco Silk 60x120,897.1200000000001,897.1200000000001
Bianco Colorado 60x60,894.2400000000001,894.2400000000001
Rohe Warm Mat Slipstop 60x60x2,889.9200000000001,889.9200000000001
Oleron Grey Lapatto 80x160,885.7600000000001,885.7600000000001
Pietra Serena Light 60x60,876.96,876.96
Cenere Sugar Lappato 60X120,870.48,870.48
PARADISE TAUPE PL(PRC)60X120 RC STD,869.7600000000001,869.7600000000001
Basalt Pattern,853.58,853.58
CONCRETE CENIZA SOFT 60x120,852.48,852.48
Xtreme Fiber Gel S2,847.0000000000001,847.0000000000001
Xtreme XtraCol C2TE,844.0000000000001,844.0000000000001
P.C. PUL. YANIK WHITE 120X280 RECT,836.6400000000001,836.6400000000001
Tessino Smoke Natural 60x120,833.7600000000001,833.7600000000001
Xtreme-SuperCol-C2TES1,806.0000000000001,806.0000000000001
Leveling Spacer 2 mm (200PCS/BAG),800.0000000000001,800.0000000000001
POLARIS CREAM SOFT RC 100x100,798.0000000000001,798.0000000000001
Balbi Gris Silk 60x120,793.44,793.44
AMAZON CREAM PL 120X120,789.1200000000001,789.1200000000001
Germa - C2TE متين,787.0000000000001,787.0000000000001
Patagonia Pulido 120x120,786.24,786.24
Tessino Ivory Pulido 60x120,777.6,777.6
Statale Sand Mate 60×120 Sl Rc N-Plus,771.84,771.84
Penta Arrecife Iridis Emerald 5x5,770.2600000000001,770.2600000000001
Pietra Antica Cenere 80x80,769.2800000000001,769.2800000000001
Led Grey Skirting 1.2x10x60 cm,759.0000000000001,759.0000000000001
Xtreme XtraCol C1TE,757.0000000000001,757.0000000000001
Cortile Silver Lappato 60X120,753.84,753.84
TOGA GREY RECTIFICADO 60x120 ,747.36,747.36
Objecta White MT 30X60,745.2,745.2
5X5 PENTA CRYSTAL COBALT,740.8800000000001,740.8800000000001
Lidya Rose 30x60,731.94,731.94
Great Calcatta Face Random 160x320,721.9200000000001,721.9200000000001
Montana Natural 20x120,721.44,721.44
Xtreme Fiber Gel S1,720.0000000000001,720.0000000000001
MAYA LAPPATO 1 60x120,712.8000000000001,712.8000000000001
CAPRAIA GOLD PULIDO 120x120,708.48,708.48
Castle Travertine Chocolate 31.6x45,696.0000000000001,696.0000000000001
TOGA BLACK RECTIFICADO 60x120  ,689.7600000000001,689.7600000000001
Stantio Light 60X120,677.5400000000001,677.5400000000001
Limestone 30x60,677.5200000000001,677.5200000000001
Merida Grey Mate 60×60 Sl Antislip,659.5200000000001,659.5200000000001
Penta Los Blue 5x5,646.7800000000001,646.7800000000001
Calcatta Oro Face Random 160x320 6mm,645.12,645.12
Porc Rect Baltique Wengue 25x150,640.71,640.71
Penta Savu 5x5,638.94,638.94
PARADISE IVORY PL(PRC) 60X120 RC STD,626.4000000000001,626.4000000000001
Silver Travertine French Pattern,617.62,617.62
Rustic French Travertine,612.892,612.892
Intersio 60X120,609.12,609.12
LUZ SOLE FULL LAP 1 60x120,604.8000000000001,604.8000000000001
SUITE FRAME NG 30*90.2,600.48,600.48
Rival Ivory Full Lap 60X120,595.48,595.48
Travertine Light 30x40,594.72,594.72
GLASTONBURY SAVIA RECT 80x160,588.8000000000001,588.8000000000001
Germa - C1TE متين,585.0,585.0
SABI GRAFITE RECT 75X75,578.5600000000001,578.5600000000001
PENTA NAVAGIO LUMINIS 5x5,568.33,568.33
P.C. 3DB BALNEA PEARL MT 120X280,567.84,567.84
CALACATTA FULL LAP 1. 60x120,561.6,561.6
P.C. KRETA PEARL MT 120X280 RECT,561.12,561.12
Artic White 120x120,555.84,555.84
Caserna Grey MT 60x60 ,552.96,552.96
PULPIS GREY FULL LAP 1. 60x120 ,540.0,540.0
Swimming Pool Cenefa 12 Verde,540.0,540.0
Xtreme-SuperCol-PISCINAS,536.0,536.0
Amazon Grey 30.5x30.5x3CM,535.8569500000001,535.8569500000001
Larvik Full Lap 60X120,531.36,531.36
P.C. LUMIERE WHITE SAT. 120X280 RECT,527.5200000000001,527.5200000000001
5X5 PENTA CRYSTAL GLACIER,527.24,527.24
31X46 NEBULA DOT,520.71,520.71
Onix Blanco 120x120 PUL,516.96,516.96
Bianco Colorado 30x60,515.1600000000001,515.1600000000001
5x5 Penta Lisboa MOD B,512.5400000000001,512.5400000000001
Bora Edge Stromboli Light 20x50,508.0000000000001,508.0000000000001
TIMELESSWOOD OLIVE RECTIFICADO 20x120,504.0000000000001,504.0000000000001
Penta Forest Blue 5x5,499.8000000000001,499.8000000000001
Portland Taupe Pulido 120x120,498.2400000000001,498.2400000000001
P.C. MAXITECH LINCOLN WHITE SATINADO  120x280,497.52,497.52
P.C. KRETA GREY MT 120X280 RECT,497.28,497.28
Savoy Land IN 90x90,495.72,495.72
"ALUMACER / 0LA12NH - LISTELO ALUMINIO 12x12 mm NEGRO MATE LACADO 2,6 ml",494.0000000000001,494.0000000000001
Dolomitas Grey Matt 60x120,493.92,493.92
P.C. DONCELLA IVORY  RECT.120x280,493.92,493.92
Artech Anthracite 60X120,490.3200000000001,490.3200000000001
5x5 Penta Lisboa MOD A,489.02,489.02
CHOICE WHITE 60x120,479.52,479.52
FIROZA FULL LAP 1 60x120,479.52,479.52
Florencia Perla 120x120,478.08,478.08
LUMIERE NATURAL SAT. 120X280 RECT,477.1200000000001,477.1200000000001
Cream Stone 80x80,471.6800000000001,471.6800000000001
LOTUS COAL NAT RECT 60X120,469.4400000000001,469.4400000000001
P.C. KILIAN WHITE MT 120X280 RECT.,463.6800000000001,463.6800000000001
Window Sill right,461.0000000000001,461.0000000000001
P.C. KRETA GREIGE MT 120X280 RECT,456.96,456.96
Leveling Spacer 1 mm (200PCS/BAG),455.0000000000001,455.0000000000001
Window Sill left,455.0000000000001,455.0000000000001
Balbi Gris Matt 60x120,453.6,453.6
Delbin Iridis Dot 2.5x2.5,452.6900000000001,452.6900000000001
Soft Grey 60.5x60.5  (R),447.984,447.984
CALACATTA SLOW SOFT RECT 60x120,447.84,447.84
Carpet Natural Rect 30x60,446.04,446.04
Tundra Light Stairs 1.30,440.0000000000001,440.0000000000001
Penta Delbin Iridis 5x5,435.1,435.1
Window M Hello.olding left,431.0000000000001,431.0000000000001
Tessino Black Pulido 60x120,430.5600000000001,430.5600000000001
TRAVERTINO BLANCO SILK 60x120,427.68,427.68
SL COPENHAGEN CANELLA 20x120,422.4,422.4
Cross Cut Petra IN 60X120 NP,421.92,421.92
Acron Pearl 60x120 SL,420.48,420.48
Calcatta Gold Matt 60x120,419.04,419.04
Window Molding right,418.0000000000001,418.0000000000001
Germa - Basic Glue لاصق,416.0000000000001,416.0000000000001
Kronos Anthracite flat,415.864,415.864
Cream Stone 120x120,410.4,410.4
CHANTILLY CREME CHIP 30x30,410.1,410.1
Amazon Canela OUT 20x120,406.5600000000001,406.5600000000001
TAJ MAHAL NATURE PL(PRC) 60X120 RC STD,406.08,406.08
Rocky Mountain Coffee Flat,400.0000000000001,400.0000000000001
ALUMACER /LACA12IGM - LISTELO ACERO ARENA 12x12 mm INOX GRIS MARENGO,399.0000000000001,399.0000000000001
Mosaic - Kara Grey 2.5x2.5 ,397.8800000000001,397.8800000000001
P.C. 3DB KYNDAL HAYA MATE 120X280,396.48,396.48
GRAVEL SHADOW 60x60,393.12,393.12
Bodo Grey Mat Slipstop 60x60x2,392.6300000000001,392.6300000000001
Acron Pearl 120x120 SL,390.24,390.24
P.C. ULISSE PEARL MT 120X280 RECT.,386.4,386.4
Onice Cobalto Face B 160x320 6mm,384.0000000000001,384.0000000000001
Picasso Mermer 60x60,382.3200000000001,382.3200000000001
Penta Bali Stone 5x5,382.18,382.18
Onice Cobalto Face A 160x320 6mm,378.8800000000001,378.8800000000001
Classic Travertine Edge 15x30.5,373.0000000000001,373.0000000000001
"Bony Perla Full Lap 60X120X0,7",371.52,371.52
Mosaic - Quartz PVC 1,367.43,367.43
Neutra Cream Mate 60×120 Sl Rc,367.2,367.2
Kronos Ash Flat,365.765,365.765
Bellezza Full Lap 60X120,365.04,365.04
"Alumacer/ 0LA12PBLISTELO ALUMINIO 12x12 mm PLATA MATTE 2,6 ml",365.0000000000001,365.0000000000001
60 X 60 X 2 SG WORK CEMENTO EXP.,364.3200000000001,364.3200000000001
SL TROPIC CEREZO 20x120,363.6,363.6
P.C. DAMA GRAPHITE MT RECT. 120X280 ,362.8800000000001,362.8800000000001
P.C. MAXITECH BIBURY WHITE SATINADO REC 120x280 ,362.8800000000001,362.8800000000001
X-MORTERO JUNTA VAINILLA 5KG,359.0000000000001,359.0000000000001
STATUARIO FULL LAP 1.  60x120,358.56,358.56
Caravaggio Gold Face A 160x320 6mm,358.4,358.4
Caravaggio Gold Face B 160x320 6mm,358.4,358.4
HIMALAYAS EVEREST 15X15,356.265,356.265
AURA BROW N PULIDO RECT 80x160,349.4400000000001,349.4400000000001
Nero Marquina Face B 160x320 6mm,348.16,348.16
Volterra White Matt 60x120,347.04,347.04
SPINA KUMI CHERRY REC. 60x120,344.16,344.16
SPINA KUMI ELM REC. 60x120 ,344.16,344.16
 31x46 DESSERT DOT,343.0700000000001,343.0700000000001
Nero Marquina Face A 160x320 6mm,343.04,343.04
"Alumacer/ 0LA12PBLISTELO ALUMINIO 12x12 mm PLATA BRILLO 2,6 ml",341.0,341.0
Leveling Spacer 3 mm (200PCS/BAG),340.0,340.0
CAPRAIA WHITE PULIDO 60x120,339.84,339.84
X-MORTERO JUNTA BLANCA 5KG,339.0,339.0
Creta Edge Savoy Land 33x50,336.0,336.0
P.C. MAXITECH PAONAZZO WHITE PULIDO 120X280,336.0,336.0
Mureto Rhin Gris Mix,335.0,335.0
RJ25 Drain gate Savoy Land 25x50,335.0,335.0
Balbi Ceniza 60x120 Matt,334.08,334.08
Woodville Marron 15x90,330.625,330.625
Pink Travertine 60x30,330.12,330.12
Cemento Grey Exp. 60x60,329.76,329.76
AREZZO  MARENGO 60x60,328.3200000000001,328.3200000000001
Mystico Full Lap 59.5X119.5,328.3200000000001,328.3200000000001
G. LENOX MIEL 20X120,327.6,327.6
Nielsen Gris 60x120,327.3200000000001,327.3200000000001
P.C. PUL. SALVIA GREEN RECT.120X280,325.92,325.92
Pastoral Anthracite Flat,323.95,323.95
KALKSTEN SMOKE 60x60,321.12,321.12
MILANO PERLA FULL LAP 1 60x120 ,319.68,319.68
HARMONY CASTELLON C1 20x120,319.2,319.2
Black Diamond Face B 160x320 6mm,317.44,317.44
Penta Arrecife Blue 5x5,316.54,316.54
"ALUMACER /LACA12IGP - LISTELO ACERO ARENA 12x12 mm INOX GR. PERLA 2,6 ml",316.0,316.0
Kronos Coffee Flat,314.1780000000001,314.1780000000001
CLIPS NIVEL ESTAND 2 MM,314.0,314.0
Black Diamond Face A 160x320 6mm,312.3200000000001,312.3200000000001
P.C. BALNEA NATURAL MT 120X280 RECT.,309.12,309.12
X- MORTERO JUNTA MARFIL 5KG,306.0,306.0
Platium Sugar 60x120,304.56,304.56
CHANTILLY CREME CHIP 30x60,303.48,303.48
Leveling Spacer 1.5 mm (200PCS/BAG),302.0,302.0
Rocky Mountain Anthracite Flat,302.0,302.0
IRIA NORDIKWOOD BONE REC. 60x120 ,300.96,300.96
"OCCHIATA DARK GREEN 4,6X19,8X9,9",300.0,300.0
"OCCHIATA NATURAL 9,7X19,8X9,9",300.0,300.0
Loft Nero Flat,299.0,299.0
TIMELESSWOOD OAK RECTIFICADO 20x120,298.8,298.8
X- MORTERO JUNTA NEGRA 5KG,298.0,298.0
60 X 60 X 2 SG ARK IVORY EXP. ,293.76,293.76
X-MORTERO JUNTA BEIGE 5KG,293.0,293.0
Pietra Antica Cenere 80x160,291.84,291.84
Acron White 120x120,290.88,290.88
WABI BIANCO LAPATTO RECT 60X120,290.88,290.88
TUNDRA LIGHT 60x60,290.36,290.36
DORSTONE NUT RECT 80X80,289.28,289.28
Kumi Natural 120x280,288.96,288.96
NAVONA VEIN NEBULO 120x280,288.96,288.96
SL PETRA TAUPE PRC RC  120×120 ,285.12,285.12
Alexandria White Matt 60X120,283.68,283.68
Marmo Antico Face B 160x320 6mm,281.6,281.6
STORM CLOUD RC 74.8x149.5,281.25,281.25
Burder Beige 60x60,280.28,280.28
"TOZZETTO NESSO MIX COTTO 3,4X3,4",280.0,280.0
G. CRONOS BLANCO POLISHED 60x60,277.92,277.92
NEVE RECT 60X120,276.48,276.48
MS00802 VERONA BLEND POLISHED STG MFT 30.5x30.5,276.0,276.0
Tessino Grey Pulido Rect.80X160,275.52,275.52
Atlas Pearl Flat,275.0,275.0
Taisha Camel 16.3X51.7,273.84,273.84
Cemair,272.0,272.0
DORSTONE NUT RECT 80X160,271.36,271.36
Marmo Antico Face A 160x320 6mm,271.36,271.36
Tessino Grey Pulido 120x120,270.72,270.72
STORM WHITE RC 75X150,270.0,270.0
Caserna Sand MT 60x60,269.28,269.28
HIELO LIGHT FULL LAP 60x120,267.84,267.84
Dove Glossy White Rec. 30X60,265.68,265.68
SL COPENHAGEN WENGUE 20x120,265.2,265.2
Keystone,265.0,265.0
"MS01440 CAPPUCCINO POL HEXAGON NOM SIZE 26,5x30,5",264.0,264.0
NAVONA VEIN AUREO 120x280,262.08,262.08
Pratico Smoke Flat,261.33,261.33
X- MORTERO JUNTA CHOCOLATE 5KG,259.0,259.0
Bellezza Full Lap 120x180,253.47,253.47
"ALUMACER / 0LA12NB - LISTELO ALUMINIO 12x12 mm NEGRO BRILLO 2,6 ml",252.0,252.0
G. LENOX HAYA 20X120,252.0,252.0
Borba Oxido 31.2x31.2,251.55,251.55
Diana Royal 60x60,251.28,251.28
CHANTILLY CREME CHIP 60x90,249.48,249.48
Drain Gate Savoy Desert 25x50,248.0,248.0
Amazon Grey French Pattern 1.2cm,247.83,247.83
Borneo Sand 120x120 SL,246.24,246.24
Germa C1,246.0,246.0
Moher Light -R 80x80,245.76,245.76
CHANTILLY CREME CHIP 60x60,243.36,243.36
TALO ARENA MT 60x120 ,243.36,243.36
"LISTELO ACERO 12x12MM. INOX BRILLO 2,6 ml",241.0,241.0
5X5 PENTA KARA GREY,239.12,239.12
FRAME OAK MATT 30X75,238.58,238.58
Bora Edge Cross Cut Petra 20x50,235.0,235.0
OXYD JEWEL POL RECT 60X120,231.84,231.84
Atlas Ash Flat ,230.0,230.0
Tessino Grey Natural 60x120,228.97,228.97
GALA  ORO 120x120,228.96,228.96
Rupe Sand Flat,228.0,228.0
DORSTONE BONE RECT 80X160,227.84,227.84
Arrecife Iridis Emerald 31x46,227.36,227.36
LOMBARDI BIANCO RC 75X150,226.0,226.0
Elite Beige 60x60,225.0,225.0
Diamond Dark Grey 30x60,223.2,223.2
Acadia Nogal Mate 25×150 Sl Rc N-Plus,221.48,221.48
AURA BROW N PULIDO RECT 80x80,221.44,221.44
Black Gold Face A 160x320 6mm ,220.16,220.16
"ALUMACER /0LA12CH - LISTELO ALUMINIO 12x12 mm CHAMPAGNE 2,6 ml.",217.0,217.0
Black Gold Face B 160x320 6mm,215.04,215.04
Merida Sand Mate 60×60 Sl Antislip,214.56,214.56
Tundra Light Stairs 1.40,214.0,214.0
TROPIC AGUAMARINA C1 15x15 - Glossy,212.3,212.3
PRISMA HIDRA COLD NPL(PR C)20X20 STD ,208.8,208.8
PRISMA HIDRA WHITE NPL(PR C)20X20 STD  (copy),208.8,208.8
P.C. PUL. DAFNE COLD RECT. 120x280,208.32,208.32
Ark Anthracite 60x60x2,207.36,207.36
Savoy Desert IN 60X120 NP,205.92,205.92
P.C. DAMA SAND MT 120X280 RECT,204.96,204.96
 Travertine Lite 80x40 ,204.48,204.48
G. SYMPHONY GREY HONED 60x120,204.48,204.48
Burlington Volcano Matt 60x120,203.04,203.04
Ferrara Sand flat,203.0,203.0
CR.WELLS PEARL 90x90,202.5,202.5
Window Sill straight,202.0,202.0
"ALUMACER - PERFIL ALUMINIO ""L"" 12 mm PLATA BRILLO 2,6 ml. ",200.0,200.0
"ALUMACER /0AL08NH - PERFIL ALUMINIO ""L"" 12 MM. NEGRO LACADO MATE 2,6 ML ",200.0,200.0
ALUMACER PELDANO ALUMINIO INTERIOR 20MM NEGRO 2.5ML,200.0,200.0
ALUMACER PELDANO ALUMINIO INTERIOR 20MM PLATA 2.5ML,200.0,200.0
Cross Spacer 4 mm (500PCS/BAG),200.0,200.0
SP5 50254,200.0,200.0
SP5 50250,199.0,199.0
Cross Spacer 5mm (500PCS/BAG),198.0,198.0
Downtown Ivory 40x120 RC,197.28,197.28
Statale Black Mate 60×120 Sl,197.28,197.28
Cross Spacer 3 mm (500PCS/BAG),195.0,195.0
Tundra Light Stairs 1.20,195.0,195.0
Samara 61x61,194.2362,194.2362
Acron Pearl 120x280,191.52,191.52
LIXIUM JADE PL (PRC) 120X280 RC,191.52,191.52
Reload Grey Mate 120×260,190.32,190.32
Tessino Black Natural 60x120,190.08,190.08
LAVE BLANCHE FULL LAP 1. 60x120,189.99,189.99
Penta Eloa 5x5,189.12,189.12
Prague Beige 60X120,188.0,188.0
Livorno Blanco 20x20,187.0,187.0
SL PETRA GREY PRC RC 60x120,185.76,185.76
PROGRESS PEARL PB RECT. MATE 30x90,184.95,184.95
Pietra Antica Crema 80x80,184.32,184.32
Dolomiti White Stair 140,184.0,184.0
Dolomiti White Stairs 130,184.0,184.0
Lenox SuperWhite MT 100x100 (Thickness 9.5mm),184.0,184.0
GOLDEN BLUE PL(PRC) 60X120 RC,182.88,182.88
Neutra White Mate 60×120 Sl Rc,182.88,182.88
5X5  PENTA  NUSA  MATTE,180.32,180.32
"ALUMACER /02L12TB - LISTELO ACERO 12x12 mm INOX TITANIO BRILLO 2,6 ml.",180.0,180.0
SL PETRA TAUPE  PRC RC  60x120,180.0,180.0
MANDORLA RECT 60X120,179.28,179.28
"LISTELO ACERO 12x12MM. INOX MATE 2,6 ml",176.0,176.0
G. LENOX NUT 20X120,174.72,174.72
MAJESTIC MANDORLA RECT 60X120,172.8,172.8
60 X 60 X 2 SG ARK SILVER EXP. ,169.64,169.64
Provence Aquamari 31.6X60,167.2,167.2
Thasos Cross 23x75,165.65,165.65
Alchimia Decor Ivory Brillo 15×15,162.5,162.5
Amazon Canela IN 20x120 ,161.28,161.28
OXYD JEWEL POL RECT 120X280,161.28,161.28
Opalo Blanco 31x46,160.37,160.37
SAJONIA ARCE 19.5X120,160.29,160.29
Leveling Wedge Black (100PCS/BAG),160.0,160.0
LIMRA BEIGE 1. 60x120,159.84,159.84
IRIS AZUL 15x31.9,157.5,157.5
Reggio Gris 60x120,155.52,155.52
Dolomiti White Stairs 150,155.0,155.0
TL07119 ROYAL CREAM POLISHED,155.0,155.0
XS LINIER OAK MATE(AZJ)60X120RCST,154.08,154.08
X-MORTERO JUNTA CASTAÑO 5KG,154.0,154.0
EVER CREAM PB RECT. MATE 30x90,152.55,152.55
ARABESCATO CORCHIA HONED RECT 120X278,151.2,151.2
MAJESTIC BLACK PULIDO  120x280,151.2,151.2
BURLINGTON VOLCANO RECT. 60X60,149.76,149.76
Tessino Bronze Natural 60x120,149.76,149.76
VOLTERRA WHITE POL RECT 120X278,149.736,149.736
Alchimia Decor White Brillo 15×15,148.5,148.5
Cellini Blanco Brillo 75x150,148.03,148.03
Ferrara Nostalgia Flat,148.0,148.0
"Alumacer/01CRA05 - SEPARADORES NIVELACIÓN ESTÁNDAR 0,5 mm (كيس 100)",147.0,147.0
PORTLAND GREY SOFT RC 100x100,147.0,147.0
Amazona Coffee 60x120,146.88,146.88
"SAJONIA ARCE 14,5X120",146.4,146.4
Dassel Oak Mate 40×120,145.44,145.44
Luna Cool Grey 60X60X2,145.44,145.44
"SAJONIA FRESNO  14,5X120",145.18,145.18
XS TRAMES ALMOND RC  60x120,144.72,144.72
RELIEVE TEXTILE PROGRESS WHITE PB RECT. M 30x90,144.45,144.45
Durst Oak Mate 60×120,144.4,144.4
GOLD HARD POL RECT 60x120,139.68,139.68
MANILA HIDRA WARM NPL(PR C)20X20 STD,139.2,139.2
URSINO MARQUINA NPL (PRC) 20X20 ST,139.2,139.2
ARROW SHOW BEIGE 7.5x25,139.03,139.03
MANILA HIDRA COLD NPL(PR C)20X20 STD,138.6,138.6
POP HIDRA COLD NPL(PR C)20X20 STD ,138.6,138.6
PRISMA HIDRA WARM NPL(PR C)20X20 STD ,138.6,138.6
AROME VANILLE,138.0,138.0
Greggio Antracite Semi Lap 60X60,136.8,136.8
Barok Antique Flat,135.0,135.0
BELLINI ROJO 7.5x31,134.96,134.96
Lumiere White Pulido 120x280,134.41,134.41
G. LENOX GRIS 20X120,134.4,134.4
DUNE EVER CREAM RECT. PB MATE 30x90,132.84,132.84
LARIO BIANCO RECT 60X120,132.48,132.48
31X46 SERICA DOT,131.98,131.98
BELLINI AZUL 7.5x32,129.92,129.92
Lula White Brillo 5×50,129.6,129.6
CAPRI HIDRA COLD NPL(PR C)20X20 STD  (copy),129.0,129.0
Creta Edge Woods Nordic 33x50,129.0,129.0
CEPPO PARTY RECT 60X120,128.16,128.16
"SAJONIA FRESNO 19,5x120",126.36,126.36
Lula Pearl Brillo 5×50,125.4,125.4
BELLAGIO BIANCO RECT 60X120,125.28,125.28
Panthera Sugar Lappato 60X120,125.28,125.28
Alumacer/0001CNK - CUÑAS NIVELACIÓN (كيس 100),125.0,125.0
ALCHIMIA WHITE BRILLO 15X15,124.5,124.5
Arcadia Dark Rundle Flat,124.0,124.0
Soft Beige Marble Stairs 1.2 (Pes),124.0,124.0
SL BRENNERO DARK PRC RC  60x120,123.84,123.84
Terra Flat,122.0,122.0
Opalo Negro 31x46,121.8,121.8
Crown Kliff Sand 30x90,120.96,120.96
P.C. ULISSE BEIGE MT 120X280 RECT.,120.96,120.96
Balkan White 80X80,119.04,119.04
Rustic Travertine 20.3x20.3 - 1.2CM,118.92308,118.92308
N-Rodapie Eclipse SP h80mm BI mate,118.0,118.0
Rupe Sand Corner,118.0,118.0
TURIN GRI FULL LAP 1. 60x120,116.56,116.56
PIERRE DE BALI 15X15,116.325,116.325
ARCO DECK SNOW PRC 23x120,115.92,115.92
Arrebato White 20x20,115.0,115.0
Alumacer/001CRA3 - CLIPS 3 MM (كيس/ 100),114.0,114.0
XS GARDEN ARECA LGHT(AZJ)60X120RC STD,113.76,113.76
RAW NAIVE RECT 30X90,113.75,113.75
CROWN GLACIAR PB RECT. BRILLO 30X90,113.4,113.4
WATERCOLOR OCN 33X100 RC,113.05,113.05
ARGENTA - TERRE MUD 20*60,111.6,111.6
Cupira Hueso OUT 60X120,110.88,110.88
COLORED CONCTR EARTH 33X100 RC,110.39,110.39
Creta Edge CP Hueso 32.6x50,110.0,110.0
Drain Gate CP Hueso 24.5x50,110.0,110.0
Canada Cotto 33.3x33.3,109.89,109.89
Lula Ivory Brillo 5×50,108.6,108.6
Barok Milk Flat,107.0,107.0
CEPPO COAL RECT 60X120,106.56,106.56
WABI TAUPE LAPATTO RECT 60X120,106.56,106.56
X- MORTERO JUNTA PERLA 5KG,106.0,106.0
Talara White 17x52,105.07,105.07
ARGENTA - TERRE SAGA 20*60,104.4,104.4
Bloom Fon Rec. Semi Lapatto 120x180,104.37,104.37
Marble Bianco-Dolomiti 80x80,103.68,103.68
Almalfi Irregular Marfil 30x90,102.6,102.6
Bloom Pano A Rec. Semi Lapato 120x180,102.24,102.24
MS02763 EMPERADOR DARK&CREMA MARFIL POLISHED BASKET WEAVE MARBLE MOSAIC 30.5x30.5,102.0,102.0
Terra Cotta Tile,101.89,101.89
NEWKER - QUEEN IVORY 29.5*90,101.76,101.76
BELLINI BISEL ROJO 7.5x31,101.36,101.36
Travertine Light 30 Free Length,101.06,101.06
ARROW SHOW RED 7.5x25,100.4,100.4
ALCHIMIA IVORY BRILLO 15X15,100.0,100.0
Arrebato Natural 20x20,100.0,100.0
Rocky Mountain Anthracite Corners,100.0,100.0
Window Molding straight,100.0,100.0
Classic Travertine 15x15 - 3CM,99.91950000000001,99.91950000000001
Cielo Full Lap 60X120,99.80000000000001,99.80000000000001
Acron Anthracite 120x120,99.36000000000001,99.36000000000001
SP4 50250,99.00000000000001,99.00000000000001
Astoria 20x20,98.00000000000001,98.00000000000001
Creta Edge CP Marengo 33x50,98.00000000000001,98.00000000000001
Bloom Pano B Rec. Semi Lapato 120x180,97.98,97.98
ARROW SHOW GREY 7.5x25 ,97.88000000000001,97.88000000000001
SAJONIA CEREZO 14.5X120,97.60000000000001,97.60000000000001
BELLINI GRIS 7.5x31,97.44000000000001,97.44000000000001
Atlas Garnet Brillo 7.5x15,97.00000000000001,97.00000000000001
PENTA STARCROSS TERRACOTA BEIGE 5x5,97.00000000000001,97.00000000000001
SP4 50254,97.00000000000001,97.00000000000001
Loft Nero corner,96.00000000000001,96.00000000000001
MEN000. SANYBOX UNIVERSAL CONCEALED BODY BASIN MIXER,96.00000000000001,96.00000000000001
STARBUCKS GREEN 5x20,96.00000000000001,96.00000000000001
Swimming Pool Saona PVC 1,95.41000000000001,95.41000000000001
RJ67 Drain Gate Woods Nordic 25x50,95.00000000000001,95.00000000000001
Tahiti Natural 20x20,95.00000000000001,95.00000000000001
MEMORY BONE RECT. 39.6X119.2,94.4,94.4
CRISTALLO BIANCO POL RECT 120X280,94.08000000000001,94.08000000000001
Woods Nordic Out 20X120,94.08000000000001,94.08000000000001
NEWKER - UNIQUE DECOR GREY 31.5*90,93.79,93.79
BELLAGIO BEIGE RECT 60X120,93.60000000000001,93.60000000000001
Lancelot Decor Gold 33.3x90,93.60000000000001,93.60000000000001
URSINO CARRARA NPL(PRC)20X20 ,93.60000000000001,93.60000000000001
X- MORTERO JUNTA GRIS OSCURO 5KG,93.00000000000001,93.00000000000001
BELLINI ALGA 7.5x30,92.96000000000001,92.96000000000001
G. CRONOS MARFIL POLISHED 120x120,92.16000000000001,92.16000000000001
Pietra Antica Nero 80x80,92.16000000000001,92.16000000000001
"ALUMACER /0AL06PM - PERFIL ALUMINIO ""L"" 06 mm PLATA MATE 2,6 ml.",91.00000000000001,91.00000000000001
Metro Blanco Brillo 10x20,91.00000000000001,91.00000000000001
NAVONA VEIN CANDIDO 120x280,90.72000000000001,90.72000000000001
Iceberg Stairs 1.4,90.00000000000001,90.00000000000001
WABI GRAFITE LAPATTO RECT 60X120,89.82000000000001,89.82000000000001
ALUMACER JUNTA DILATACION PVC 8*10 BLANCO,89.00000000000001,89.00000000000001
SEVILLE SNOW 10X10,88.00000000000001,88.00000000000001
PENTA STARCROSS TERRACOTA MIDBL 5x5,87.22000000000001,87.22000000000001
Neutra Pearl Mate 30×90,86.4,86.4
PIERRE DE BALI MIX 30X60,86.4,86.4
Reload Grey Mate 60×120 Sl Rc,86.4,86.4
RUANES CALDERA 40x60x1.2,86.11000000000001,86.11000000000001
RUANES GREY 40x60x1.2 ,86.11000000000001,86.11000000000001
Atlas Pearl Corner,86.0,86.0
Slimfix Dark Grey - Corner,85.68,85.68
STN - JAPON FRENSO 33.3*90,85.2,85.2
SP4 50150,85.0,85.0
FRENCH Travertine CLASSIC STONE,84.24000000000001,84.24000000000001
MEDICEA MARBLE HONED RECT 120x278,84.096,84.096
ALUMACER LISTELLO ALUMINIO 06mm PLATA MATE MEDIDA 2.5,84.0,84.0
ATLAS VISON BRILLO PB 7.5x15,84.0,84.0
RJ25 Drain Gate Amazon Canela 25x50,84.0,84.0
SEVILLE BONE 10X10,84.0,84.0
Slimfix Dark Grey - Flat,84.0,84.0
Step Peldano Woods Nordic Out 33x120,84.0,84.0
ZOCALO BELLAGIO BIANCO 10X60,84.0,84.0
ARROW SHOW WHITE 7.5x25 ,82.76,82.76
Kronos Coffee Corner,81.84,81.84
SPEKTRA MATT RECT 60X120,80.64,80.64
FRAMING BONE RECT. 39.6X119.2,80.24000000000001,80.24000000000001
"SOROLLA MARINE 13,2X13,2",80.0,80.0
NEWKER - QUEEN WHITE 29.5*90,79.5,79.5
PENTA STARCROSS TERRACOTA BLUE 5x5,79.36,79.36
LISTELO ALUMINIO10*12 MM PLATA MATE MEDIDA 2.6,79.0,79.0
Iceberg Stairs 1.3,78.0,78.0
Rocky Mountain Coffee Corners,78.0,78.0
PRATICO SMOKE CORNER,77.30000000000001,77.30000000000001
GARDEN COPPER 40X120,76.80000000000001,76.80000000000001
REEF AQUAMARINE RECT 60X120,76.07000000000001,76.07000000000001
GRANOLA AVELLANA 20X20,76.0,76.0
Travertine Light 40 Free Length,74.80000000000001,74.80000000000001
Kliff Sand 30x90 RC,74.25,74.25
Granulbrick G50 : White Flat,74.0,74.0
N-Tri Eclipse a27 h11mm Negro M90,74.0,74.0
Kronos Ash Corner,73.16000000000001,73.16000000000001
NEWKER - ROYAL HONEY 29.5*90,73.14,73.14
Mureto Rhin Beige Mix,73.0,73.0
IQONO Marine 20x40,72.96000000000001,72.96000000000001
ARGENTA GRAVITY IRON 20*60,72.0,72.0
TULIP BLUE 1 19.7x19.7,72.0,72.0
PELDAÑO AM CANELA OUT 33X120,71.0,71.0
KINWOOD BEECH RECT 120X280,70.56,70.56
MAJESTIC BLACK PULIDO RECT 120X120,70.56,70.56
Kronos Anthracite corner,69.396,69.396
ARABESCATO CORCHIA MATT RECT 60X120,69.12,69.12
Iseo Gris Pulido 60x120 (Thickness 9.5 mm),69.12,69.12
"SOROLLA COOPER 13,2X13,2",69.0,69.0
Classic Travertine 15x20 - 3CM,68.4,68.4
Opalite Blanco Luminiscent - Pools,68.02000000000001,68.02000000000001
Rodapie Oregon Nogal 10x120,68.0,68.0
Traventino Silver Matt 60X120,67.68,67.68
Inout Glamstone Brown MT RC 60x120,67.21000000000001,67.21000000000001
Sokar Grigio 7.5x30,66.78,66.78
Dolomiti Bianco Full Lap 60X120,66.24000000000001,66.24000000000001
Luna Sand 60X60X2,66.24000000000001,66.24000000000001
Gades -R Antracita 32x99,66.04,66.04
ALUMACER LISTELLO ALUMINIO 10mm ORO CLARO MEDIDA 2.6,66.0,66.0
Creta Edge Amazon Canela 33x50,66.0,66.0
RJ67 Drain Gate Cross Cut Petra 25x50,66.0,66.0
Sena Gris 90x90,64.80000000000001,64.80000000000001
Inout Caliope Natural MT 60x120,64.35000000000001,64.35000000000001
Atlas Ash Corner,64.0,64.0
Barok Antique Corner,64.0,64.0
Metro Negro 10x20,64.0,64.0
CAPSULE 3D HONED RECT 120X280,63.84,63.84
Norwich White 120x280,63.84,63.84
CARPENTER LINE ALBAR ANTIBACTERIAL 30x90,63.72000000000001,63.72000000000001
Downtown White RLV 40x120,63.36000000000001,63.36000000000001
ALUMACER PELDANO ALUMINIO EXTERIOR GOMA GRIS,63.00000000000001,63.00000000000001
NEWKER - LISTELO MODAN HONEY 6*29.5,63.00000000000001,63.00000000000001
THIN BASIN 400*400*155/JC006,63.00000000000001,63.00000000000001
Reload Antracita 120x260,62.40000000000001,62.40000000000001
Rotterdam Nce 33x100,61.18000000000001,61.18000000000001
THIN BASIN 400*400*150/JC012,61.00000000000001,61.00000000000001
DECOR SET(3) EXOTICA 40X120,60.00000000000001,60.00000000000001
SP1 50254,60.00000000000001,60.00000000000001
ZOCALO BELLAGIO BEIGE 10X60 ,60.00000000000001,60.00000000000001
Opalite Verde Claro Dot 31x46,59.90000000000001,59.90000000000001
Elliston Metalic 15x15,58.59,58.59
CHAIN SILVER 40X120,58.56,58.56
MOLDURA BELLAGIO BEIGE 2X60,58.00000000000001,58.00000000000001
SP2 50250,58.00000000000001,58.00000000000001
Alexandria White Polido 120x280,57.12,57.12
Arue Natural 20x20,57.00000000000001,57.00000000000001
SP2 50254,57.00000000000001,57.00000000000001
Granite Cream 30x90,56.7,56.7
Tessino Bronze Natural 120x260,56.16,56.16
Tessino Bronze Pulido 120x260,56.16,56.16
INSIDE BULLONOSE Travertine 45x45x3 CM,56.00000000000001,56.00000000000001
SP3 50254,56.00000000000001,56.00000000000001
CHAIN SILVER PINK 40X120,55.68000000000001,55.68000000000001
"HEFESTO GOLD 6,3X25",55.34200000000001,55.34200000000001
SP3 50250,55.00000000000001,55.00000000000001
Iceberg stairs 1.2,54.00000000000001,54.00000000000001
THIN BASIN 390*390*155/JC011,54.00000000000001,54.00000000000001
THIN BASIN 410*410*150,54.00000000000001,54.00000000000001
THIN BASIN 410*410*150,54.00000000000001,54.00000000000001
THIN BASIN 420*420*130,54.00000000000001,54.00000000000001
Luminescent Blue Mesh 31x31,53.76000000000001,53.76000000000001
VERSE MOCHA RECT 120X280,53.76000000000001,53.76000000000001
Selkis Pergamon 7.5x30,53.55,53.55
NET WHITE RECT. 40X120,53.28,53.28
Crosscut Petra Step 33x120cm,53.00000000000001,53.00000000000001
Evolution Grey Riser 15x120,53.00000000000001,53.00000000000001
THIN BASIN 420*420*130,53.00000000000001,53.00000000000001
Java Dune (Carpet) Rect 60x60,52.92,52.92
CHAIN COPPER 40X120,52.8,52.8
Ferrara Sand corner,52.50000000000001,52.50000000000001
Cross Spacer 2 mm (500PCS/BAG),52.00000000000001,52.00000000000001
THIN BASIN 475*340*135,52.00000000000001,52.00000000000001
Terra corner,52.00000000000001,52.00000000000001
2.6 LISTELO ALUMINIO 10*12MM PLATA BRILLO MEDIDA,51.00000000000001,51.00000000000001
Swimming Pool (Cove 50254 SEDA Antislip),51.00000000000001,51.00000000000001
WCSH001CR LOOP BIDET-WC CONCEALED SINGLE LEVER MIXER CR,51.00000000000001,51.00000000000001
Sena Perla 90x90,50.22000000000001,50.22000000000001
"PUKKA TERRACOTTA 6,4X26",50.00000000000001,50.00000000000001
Sierra Pearl corner,50.00000000000001,50.00000000000001
Slimfix Mega Autumn - Corner,50.00000000000001,50.00000000000001
Wynn Rouge 15x30,49.995,49.995
AURA IVORY PULIDO RECT 80x80,49.92,49.92
  Himalayas Kathmandu15X15,49.725,49.725
RJ70 Drain Gate Stromboli Light 20X50X2.2,49.00000000000001,49.00000000000001
EVO GREY C3 MT 60x120,48.96,48.96
KI MIELE RECT 40X120,48.96,48.96
Reload Anthracite Mate 60×120 Sl Rc,48.96,48.96
Matera Ash Corner,48.00000000000001,48.00000000000001
Diana Royal 30x60,47.88,47.88
NEWKER - ROYAL DARK 29.5*90,47.7,47.7
COMO BLU MIX RECT 60X120,47.52,47.52
Nexus Glaciar Mate 120×120 Sl,47.52,47.52
"Patchwork Full Lap 60X120X0,7",47.52,47.52
"ALUMACER /0AL08NH - PERFIL ALUMINIO ""L"" 08 MM. NEGRO LACADO MATE 2,6 ML",47.00000000000001,47.00000000000001
Alumacer/001CRA2 - SEPARADORES NIVELACIÓN ESTÁNDAR 2 mm (كيس 100),47.00000000000001,47.00000000000001
Matera Ash Flat,47.00000000000001,47.00000000000001
SP5 50150,47.00000000000001,47.00000000000001
Pastoral Pearl Corners,46.90000000000001,46.90000000000001
KANE PICKET GREY PB BRILLO 7.5x30,46.64,46.64
CROCCANTE-R MENTA 80X80,46.08000000000001,46.08000000000001
GRANVILLE MULTICOLOR PRC 30x60,46.08000000000001,46.08000000000001
"CHEVRON KINWOOD BEECH 8,5X44",46.032,46.032
Sierra Ash corner,46.00000000000001,46.00000000000001
Carrera Cross 23x75,45.487,45.487
TL17177 CAPPUCCINO POLISHED  61x61,45.00000000000001,45.00000000000001
Balbi Ceniza 60x120 Silk,44.64,44.64
CARPENTER ALBAR ANTIBACTERIAL 30x90,44.55,44.55
INOUT Roots Antique Graphite,44.02,44.02
P.C. PUL DONCELLA WHITE  RECT.120x280,43.68000000000001,43.68000000000001
BELLAGIO VERDE RECT 60X120 ,43.2,43.2
Iceberg 60x60,43.2,43.2
POLAN MIX NAIVE RECT 30X90,43.2,43.2
Tekali Crema Pulido 120x120,43.2,43.2
Arue White 20x20,43.0,43.0
DISPLAY SOLUTIONS,43.0,43.0
Elite Beige 80x80,42.24,42.24
KANE PICKET PINK PB BRILLO 7.5x30,42.24,42.24
STRIPES GLACIAR RECT. PB MATE 30x90,42.12,42.12
Granulbrick G50 : White Corner,42.0,42.0
Swimming Pool (Step 50153 SEDA Antislip),42.0,42.0
MARQUINA N-PLUS PO MATE 15x17,41.92,41.92
Taisha Roble16.3X51.7,41.16,41.16
THIN BASIN 480*350*150/JC010,41.0,41.0
Ravena Pulido 120x260,40.56,40.56
VERSE MOCHA RECT 120X120,40.32,40.32
Nolita Burdeos 6.5x20,40.25,40.25
MOLDURA BELLAGIO BIANCO 2X60,40.0,40.0
Pastoral Anthracite Corners,40.0,40.0
Torre Cotto 33.3x33.3,40.0,40.0
Carrera Brick 50x100,39.868,39.868
Oman Cream Marble 60x60,39.24,39.24
NEWKER - ZELDA IVORY 29.5*90,39.22000000000001,39.22000000000001
KANE PICKET MARINE PB BRILLO 7.5x30,39.16,39.16
Swimming Pool (Cove 50250 SEDA Antislip),39.0,39.0
THIN BASIN 400*400*150/JC005,39.0,39.0
SOHO NEGRO 6x25,38.88,38.88
IQONO Pearl 20x40,38.40000000000001,38.40000000000001
ACCLV005CR UNIVERSAL BRASS WASHBASIN DRAIN 2F CLICK-CLACK OR ALWAYS OPEN CR,38.0,38.0
ALUMACER LISTELLO ALUMINIO 20mm PLATA MATE MEDIDA 2.6,38.0,38.0
CLICK WHITE RECT. 40X120,37.44,37.44
CONCEPT GREY SILK 60x120,37.44,37.44
DUCALE WHITE N-PLUS PO MATE 15x17,37.12,37.12
Tundra Grey 80x80,37.12,37.12
Alma Scale White Brillo 8×21.5,37.1,37.1
ZURBARAN COBRE 11.2x22.4,37.05,37.05
Alumacer/ NIV_REUTILIZABSLIES1TEMA NIVELACIÓN REUTILIZABLE BOLSA 50,37.0,37.0
CLIPS NIVEL ESTAND 1.5 MM,37.0,37.0
N-Rodapie Eclipse a13 h100mm PL,37.0,37.0
BRAZIL GREEN POL RECT 120X280,36.96,36.96
P.C. MAXITECH LOMMA BONE MATE 120X280,36.96,36.96
Classic Travertine 15x25 - 3CM,36.6375,36.6375
IQONO Citron 20x40,36.48,36.48
IQONO Noir 20x40,36.48,36.48
BURLINGTON PEARL PB RECT. MATE 30x90,36.45,36.45
Barok Milk Corner,36.0,36.0
Bianco Colorado Stairs 135,36.0,36.0
N-Rodapie Eclipse a13 h70mm NE. M-90,36.0,36.0
OREGON NOGAL RECT 20X120,36.0,36.0
Onix Cream Pulido 60x120,36.0,36.0
PICTUS BOLD 13X13,36.0,36.0
SP1 50250,36.0,36.0
SP2 50150,36.0,36.0
THIN BASIN 400*400*155/JC007,36.0,36.0
ARCO DECK HONEY PRC 23x120,35.88,35.88
BELLINI BISEL NEGRO 7.5x30,35.84,35.84
Mugla White Mosaics 5cm*5cm,35.34,35.34
Alumacer/00CUÑA5 - CUÑAS ALICATADO (كيس/ 500),35.0,35.0
BULLONOSE Travertine 33x61x3 CM,35.0,35.0
"LISTELO ALUMINIO 04 MM. PLATA MATE 2,5",35.0,35.0
Cupira Marengo OUT 60X120,34.56,34.56
Elite Beige Premium 60x60,34.56,34.56
Reims Taupe 120x240,34.56,34.56
NORWICH SAND MT 120X260,34.32,34.32
Alumacer/01CRA2G - SEPARADORES NIVELACIÓN ESTÁNDAR 2 mm XL (كيس/ 100),34.0,34.0
Iceberg Stairs 1.5,34.0,34.0
N-Rodapie Eclipse a13 h70mm PL,34.0,34.0
N-Tri Eclipse a27 h11mm PL-13,34.0,34.0
Riser Tabica Woods Nordic 14.5x120,34.0,34.0
SEVILLE GLACIER 10X10,34.0,34.0
VULCANO LUX QUARZO 30x60 MT,33.48,33.48
Diana Silver 60x60,33.12,33.12
Ebony Gris 60x120,33.12,33.12
Kima Areca White Mate 60×120,33.12,33.12
Tessino Ivory Natural 120x120,33.12,33.12
19027 Clic-clac basin waste with solid surface stone cover,33.0,33.0
Alumacer/00CRU10 - CRUCETAS PVC 10 mm (كيس/ 300),32.0,32.0
Novorodapie Eclipse SP h80mm Plata,32.0,32.0
IQONO Aquamarine 20x40,31.68,31.68
MARQUINA NIGHT POL RECT 60X120,31.68,31.68
Tessino Grey Pulido 120x260,31.32,31.32
Daren Blanc Pulido 120x260,31.28,31.28
ALUMACER PERFIL ALUM. CURVO 10.5 ORO CLARO MEDIDA 2.6,31.0,31.0
SP1 50150,31.0,31.0
Aurora Gold 60x120,30.24,30.24
Cordia Iroko 20X120,30.24,30.24
P.C. MAXITECH LOMMA GREY MATE 120x280,30.24,30.24
ZERO-R BOLD 60X120,30.24,30.24
"ALUMACER /AJD10NE - JUNTA DILATACIÓN ALUMINIO 10x10 mm NEGRO 2,5 ml.",30.0,30.0
ALUMACER JUNTA DILATACION PVC 8*10 BEIGE,30.0,30.0
Metal Plier (50PCS/BAG),30.0,30.0
Peldaño MARENGO OUT 33X120,30.0,30.0
THIN BASIN 400*400*150/JC003,30.0,30.0
Tahiti White 20x20,30.0,30.0
Wynn Cafe 15x30,29.997,29.997
NOBU ALMOND N-PLUS PO MATE 9.8X59.3,29.58,29.58
Nehir Grey 60x120,29.52,29.52
SEVILLE GREEN 10X10,29.5,29.5
ALUMACER LISTELLO ALUMINIO 10mm PLATA BRILLO MEDIDA 2.5,29.0,29.0
ALUMACER PERFIL ALUM. CURVO 10.5 PLATA MATE MEDIDA 2.6,29.0,29.0
N-Rodapie Eclipse a13 h100mm BL Mate,29.0,29.0
N-Rodapie Eclipse a13 h70mm BLR,29.0,29.0
RJ20 Drain Gate Stromboli Light 20X50X2.2,29.0,29.0
Selkis Tabacco 7.5x30,28.98,28.98
Avenue Nuez Rect. 30x90,28.8,28.8
Fleur Halima Blanc RECT 60x120,28.8,28.8
GRECO SABLE MATT 60x120,28.8,28.8
Ravena Pulido 120x120,28.8,28.8
CARENO SERA RECT 60X120,28.08,28.08
Reload White Mate 120×260,28.08,28.08
GROUT NEGRO,28.0,28.0
ZOCALO BELLAGIO VERDE 10X60,28.0,28.0
Wynn Marine 15x30,27.27,27.27
GROUT AZUL C24,27.0,27.0
Leaves Glaciar Brillo 30x90,27.0,27.0
SP3 50150,27.0,27.0
CALACATTA SLOW SOFT RECT 120X280,26.88,26.88
P.C. PUL. SCARLET SOFT WHITE RECT. 120x280,26.88,26.88
ZAIKU MIELE MATT RECT. 80X80,26.88,26.88
ACCLV005BM UNIVERSAL BRASS WASHBASIN DRAIN 2F CLICK-CLACK OR ALWAYS OPEN BM,26.0,26.0
"Alumacer/01CRA15 - SEPARADORES NIVELACIÓN ESTÁNDAR 1,5 mm (كيس 100)",26.0,26.0
Bianco Colorado stairs 125,26.0,26.0
CLIPS NIVEL ESTAND 1 MM,26.0,26.0
Creta Edge Stromboli Light 33x50,26.0,26.0
EMPERADOR LITE 1.40,26.0,26.0
Swimming Pool (Step 50254 SEDA Antislip),26.0,26.0
Abstract Graphite Lapado RECT 60x120,25.92,25.92
Almalfi Marfil 30x90,25.92,25.92
Reims Silver 120x240,25.92,25.92
Sensation White PL PRC 60x120,25.92,25.92
Carrera Hegzagon 75x75,25.34,25.34
ALUMACER LISTELO 10*12 MM ALUMINIO ORO BRILLO OSCURO MEDIDA 2.6,25.0,25.0
Alumacer/ 001CRA5 -CLIPS 5 MM(كيس/ 100),25.0,25.0
Burdur Beige Stairs 1.4,25.0,25.0
LISTELO ALUMINIO10*12 MM PLATA MATE MEDIDA 2.6,25.0,25.0
NEWKER - VELVET BRONZE 31.5*90,24.86,24.86
Onix Blanco 60x120,24.48,24.48
NEWKER - TEMPS BRONZE 29.5*90,24.38,24.38
31x46 NIEVE VERDE LIGHT 25353 DOT,24.36,24.36
Irham Gris Natural Rectificado 80x160,24.32,24.32
BASIN 400*400*150/JC001,24.0,24.0
COBBLE STONE 8x10x10 CM,24.0,24.0
Granulbrick G50 : Red Corner,24.0,24.0
MOLDURA BELLAGIO VERDE 2X60,24.0,24.0
Pratico Pearl corner,24.0,24.0
TAL00120CR LOOP TOWEL RAIL 20 CM CR,24.0,24.0
THIN BASIN 455*455*135/JC014,24.0,24.0
P.C. MAXITECH OTWAY ROBLE MATE 120X280,23.52,23.52
MONACO-R BEIGE ANTIDES 80X80,23.04,23.04
Marmore Eden Pul R 120x120,23.04,23.04
TAJ MAHAL CAPUCCINO POL RECT 60X120,23.04,23.04
ALUMACER PERFIL ALUM. CURVO 10.5 ORO MATE MEDIDA 2.6,23.0,23.0
STONE GREY SOFT 100X100,23.0,23.0
ATLAS JADE BRILLO PB 7.5x15,22.0,22.0
TARVERTINE POOL DRAINAGE - CORNER3*25*25,22.0,22.0
"SAJONIA NOGAL 14,5X120",21.96,21.96
Tessino Grey Pulido 80x80,21.76,21.76
ARGENTA - TERRE BRICK MUD 20*60,21.6,21.6
LAS PALMAS GREY SEMI LAP 60X120 ,21.6,21.6
Statale Pearl Mate 60×120 Sl Rc,21.6,21.6
Mugla White Mosaics 5cm*10cm,21.39,21.39
EMPERADOR STAIRS 1.3,21.0,21.0
Malla Munich Perla,21.0,21.0
THIN BASIN 400*400*135/JC008,21.0,21.0
Ark Ivory 60x90x2,20.52,20.52
Eden Granite Cream 30x90,20.52,20.52
SL COPENHAGEN BROWN 20x120,20.4,20.4
ARGENTA - GRAVITY LANCER OXIDE 30*90,20.25,20.25
Cumbria White 60x120,20.16,20.16
Onix White Pulido 120x280,20.16,20.16
ACCLV005BG UNIVERSAL BRASS WASHBASIN DRAIN 2F CLICK-CLACK OR ALWAYS OPEN BG,20.0,20.0
ALUMACER LISTELO ALUMININIO 12*10 PLATA BRILLO MEDIDA 2.6,20.0,20.0
GROUT CREMA - C02,20.0,20.0
MN0001CR LOOP BASIN MIXER CR CHROME ,20.0,20.0
Spotty Beige Stairs 1.20,20.0,20.0
[GRVS-010] GROUT CREMA - C02,20.0,20.0
French Travertine Mini 0.32 CM,19.8,19.8
ARGENTA TEXTURE GREY 25*75,19.65,19.65
Thasos Hegzagon 75x75,19.578,19.578
Soft Beige Marble Stairs 1.5 (Pes),19.0,19.0
Plus Limewood Matt Roble 60x60x2,18.72,18.72
SL STATUARIO MT 60X120,18.72,18.72
Statale Sand Mate 60×60 Sl Rc N-Plus,18.72,18.72
Penta Dahlia Mix Orange Mat 5x5,18.62,18.62
Maureen Dot 31x46,18.27,18.27
SWIMMING POOL ( PISCIS PVC 1a ) 2.5*2.5,18.27,18.27
Wynn Bleu 15x30,18.18,18.18
Wynn Turquoise 15x30,18.18,18.18
ACCLV005MG UNIVERSAL BRASS WASHBASIN DRAIN 2F CLICK-CLACK OR ALWAYS OPEN MG,18.0,18.0
MEN001S18CR LOOP OUTER PARTS W-M BASIN MIXER SPOUT 18 CM REC TRIM CR,18.0,18.0
MOA001BG LOOP HIGH BASIN MIXER BG,18.0,18.0
MOA001BM LOOP HIGH BASIN MIXER BM,18.0,18.0
N-Rodapie Eclipse a13 h100mm NE. M-90,18.0,18.0
METEOR BLANCO 80X80,17.92,17.92
METEOR GRIS 80X80,17.92,17.92
VOLGA ARENA 80X80,17.92,17.92
VOLGA GRIS 80X80,17.92,17.92
Cross Cut Petra Out 60X120 NP,17.28,17.28
Dassel Maple Mate 40×120,17.28,17.28
Fusion Sugar Lappato 60X120,17.28,17.28
Marble Falls Full Lap  60X120,17.28,17.28
Modera Beige Matt 60x60x2 Slipstop 1a,17.28,17.28
SQUARESTONE BURLINGTON WHITE MAT. RE PB 30X90,17.28,17.28
Sweden Nogal 20x120,17.28,17.28
Status P Natural 120x240,17.04,17.04
ALUMACER PERFIL .3 ALUMINIO MINI PLATA BRILLO 2.5,17.0,17.0
THIN BASIN 400*400*150/JC002,17.0,17.0
Tiger Beige 30x60,16.92,16.92
CICOGRES - PROVENCE MARFIL 20x20,16.8,16.8
Travertine Walnut French Pattern 3cm,16.53,16.53
"CHEVRON KINWOOD CEDAR 8,5X44",16.464,16.464
Montana Natural 19.5X119.2,16.24,16.24
45x90x2cm Quartz Bone,16.2,16.2
EMPERADOR LITE 1.30,16.0,16.0
GROUT ANTRACITA - C34,16.0,16.0
GROUT BEGIE C12,16.0,16.0
MEN000EXP SHOWROOM WALL MOUNTED BASIN MIXER FITTINGS FALSE INSTALLATION,16.0,16.0
MOA001CR LOOP HIGH BASIN MIXER CR,16.0,16.0
PERFIL ALUMINIO BISELADO 45 PLATA MATE,16.0,16.0
Iseo Perla Pulido 60x120 (Thickness 9.5 mm),15.84,15.84
KI NATURALE RECT 40X120,15.84,15.84
Moos Taupe Brillo 13×13,15.5,15.5
ENDO BOLD 13X13,15.21,15.21
G. LENOX ROBLE 20X120,15.12,15.12
23028 Double towel rail JAZZ GLOSS WHITE,15.0,15.0
ME2002CRK CUBO KIT W-M SHOWER MIXER 2 WAYS CR,15.0,15.0
MEN001R14CR LOOP OUTER PARTS W-M BASIN MIXER SPOUT 14 CM CR,15.0,15.0
MEN002CR CUBO OUTER PARTS W-M BASIN MIXER CR,15.0,15.0
MOA002CR. CUBO HIGH BASIN MIXER CR,15.0,15.0
WCSH001BM LOOP BIDET-WC CONCEALED SINGLE LEVER MIXER BM,15.0,15.0
Scabas French Travertine,14.8,14.8
ARGENTA TRACK BLANCO BRILLO 40*120,14.4,14.4
STARK BLANCO 60X120,14.4,14.4
STARK GRIS 60X120,14.4,14.4
STARK MARENGO 60X120,14.4,14.4
STARK MARFIL 60X120,14.4,14.4
90969 Complete drawer Metal upper drawer,14.0,14.0
Alumacer/ 000CRU3 - CRUCETAS PVC 3 mm (كيس/ 300),14.0,14.0
Alumacer/ 000CRU5 - CRUCETAS PVC 5 mm (كيس/ 300),14.0,14.0
MEN002BM. CUBO OUTER PARTS W-M BASIN MIXER BM Black Matt,14.0,14.0
MOA002BM CUBO HIGH BASIN MIXER BM Black Matt,14.0,14.0
Malla Rhin Beige Mix,14.0,14.0
POLARIS PERLA SOFT 100x100,14.0,14.0
Swimming Pool (Step 50250 SEDA Antislip),14.0,14.0
Medium Arabesk,13.66,13.66
"SAJONIA ROBLE  14,5X120",13.42,13.42
Elite Beige 30x60,13.4,13.4
Tiger Beige 60x60,13.32,13.32
Kayu Roble Rect. 20x120,13.2,13.2
ALUMACER PELDANO ALUMINIO EXTERIOR GOMA NEGRO,13.0,13.0
ALUMACER PERFIL ALUM. CURVO 10.5 BRONCE CLARO MEDIDA 2.6,13.0,13.0
Diana Royal Stairs 1.35,13.0,13.0
EMPERADOR LITE 1.20,13.0,13.0
Espejo LED 80x80,13.0,13.0
MEN001S18BG LOOP OUTER PARTS W-M BASIN MIXER SPOUT 18 CM REC TRIM BG,13.0,13.0
Mosaico Studio Lux T5 Ash,13.0,13.0
WCM50154BM ARC WC MU PACK CERAMIC NEGRO MATE,13.0,13.0
WCSH001MG LOOP BIDET-WC CONCEALED SINGLE LEVER MIXER MG,13.0,13.0
Artech White 60x120,12.96,12.96
Stecche Nobile Greige 60x120,12.96,12.96
VEGA MARFIL MATT PRC RC 60X60,12.96,12.96
Modico Dune Grey 30x90,12.6,12.6
Tessino Ivory Pulido 120x260,12.6,12.6
Daren Noir Pulido 120x260,12.48,12.48
Pietra Antica Nero 120x260,12.48,12.48
ARGENTA - GRAVITY LANCER IRON 30*90,12.15,12.15
ALUMACER PERFIL ALUM. CURVO 10.5 BRONCE MATE MEDIDA 2.6,12.0,12.0
Alumacer/ 000CRU1 - CRUCETAS PVC 1 mm (كيس/ 300),12.0,12.0
COL001BG LOOP SINGLE HOOK BG,12.0,12.0
COL001BM LOOP SINGLE HOOK BM,12.0,12.0
Carino Deco Marla 20x20,12.0,12.0
EXPLOOPBOXRG LOOP MIXER SHOWROOM BOX BRUSHED ROSE GOLD,12.0,12.0
MH2D005CRK DEDAL PIN KIT 2-WAY HORIZONTAL W-M SINGLE LEVER SHOWER MIXER CR,12.0,12.0
MNO002CR CUBO BASIN MIXER CR Chrome,12.0,12.0
WCSH001BG LOOP BIDET-WC CONCEALED SINGLE LEVER MIXER BG,12.0,12.0
PATCHWORK OCN 33X100 RC,11.97,11.97
Karelian Pearl Rect. 30x90,11.88,11.88
SABI TAUPE RECT 75X75,11.83,11.83
CROCCANTE-R NUEZ 80X80,11.52,11.52
URBAN ELGA NPL (PRC) 20X20,11.4,11.4
Led Grey 60x60,11.16,11.16
Travertine Noce 40x120x2CM,11.04,11.04
ALUMACER JUNTA DILATACION PVC 8*10 GRIS,11.0,11.0
Evolution Grey Step 160x33,11.0,11.0
GIO' Basin Inset Square 1Hole Thin Rim G243 **WHITE**,11.0,11.0
GROUT CHOCOLATE,11.0,11.0
GROUT GRIS PERLA,11.0,11.0
Lavabos Lira Seno Fondo Desplazado 81,11.0,11.0
MEN005S19RM DEDAL PIN OUTER PARTS W-M BASIN MIXER SPOUT 19 CM OVAL TRIM RM,11.0,11.0
NEWKER - LISTELO MODAN IVORY 6*29.5,11.0,11.0
Soft Beige Marble Stairs 1.3 (Pes),11.0,11.0
TARVERTINE POOL DRAINAGE - STRAIGHT 3*25*120,11.0,11.0
Moonland Beige Lappato 60X120,10.8,10.8
Travertine Noce 40x100x2CM,10.4,10.4
CALACATTA WHITE SOFT A 163X323,10.24,10.24
"LUNA BLANCA SOFT A 163X323X1,2 (SAMPLE)",10.24,10.24
TOPPING-R NUEZ 32X99,10.16,10.16
ANIKSA PULIDO 60x120,10.08,10.08
BELLAGIO NUVOLE RECT 60X120,10.08,10.08
Borgo Blanco 60x120 - R,10.08,10.08
P.C. MAXITECH SAINT LAURENT BLACK MATE  120x280,10.08,10.08
15647 Aalto 100 solid Oak frame mirror,10.0,10.0
"ACCLV002CR METALLIC TUBULAR BOTTLE SIPHON 1""1/4 CR",10.0,10.0
Bianco Colorado stairs 145,10.0,10.0
Black Onix Columna Estructura 40x25,10.0,10.0
COL001RG LOOP SINGLE HOOK RG ,10.0,10.0
Carino Deco Iberia 20x20,10.0,10.0
GCO042CR SINGLE LEVER KITCHEN MIXER CR,10.0,10.0
GROUT CAVA C06,10.0,10.0
Listello 14x19mm LED - 0LDLA2P,10.0,10.0
ME2002BMK CUBO KIT W-M SHOWER MIXER 2 WAYS BM,10.0,10.0
MEN001R18CR LOOP OUTER PARTS W-M BASIN MIXER CR CHROME ,10.0,10.0
MEN001S18MG. LOOP OUTER PARTS W-M BASIN MIXER SPOUT 18 CM REC TRIM MG,10.0,10.0
MN0001BM LOOP BASIN MIXER BLACK MATT,10.0,10.0
MNO002BM CUBO BASIN MIXER BM,10.0,10.0
RECGR0129 LOOP-CUBO CARTRIDGE MIXER MNO-MOA-MBD-MEXOOI D25mm OPENING 90°,10.0,10.0
TAL00120BM LOOP TOWEL RAIL 20 CM BM,10.0,10.0
TAL00120MG LOOP TOWEL RAIL 20 CM MG,10.0,10.0
TAL00120RG LOOP TOWEL RAIL 20 CM RG,10.0,10.0
TAL00145BG LOOP TOWEL RAIL 45 CM BG,10.0,10.0
Argenta - Palco Brown 30x90,9.72,9.72
SQUARESTONE BURLINGTON PEARL MAT. RE PB 30x90,9.72,9.72
Light Basket,9.67,9.67
NEWKER - LOSANG BRONZE 29.5*90,9.540000000000001,9.540000000000001
Lira Ivory 30x90,9.450000000000001,9.450000000000001
ANIKSA PULIDO 120x260,9.360000000000001,9.360000000000001
"11787 Igi 1C-100 solid Oak vanity, 1 drawer, for centred basin",9.0,9.0
33437 Patra 100 solid surface (12mm) washbasin with centred basin,9.0,9.0
ACCLV005RG UNIVERSAL BRASS WASHBASIN DRAIN 2F  CLICK-CLACK OR ALWAYS OPEN RG,9.0,9.0
Alumacer/001CRA1 - SEPARADORES NIVELACIÓN ESTÁNDAR 1 mm (كيس 100),9.0,9.0
Black Inglet Suspendido 80 cm Roble,9.0,9.0
Black Onix Columna Lacado Blanco 35x150,9.0,9.0
Lavabo Liro Seno Fondo 81,9.0,9.0
MNO005CR DEDAL PIN BASIN MIXER CR,9.0,9.0
MOA005RM DEDAL PIN HIGH BASIN MIXER RM,9.0,9.0
RJ67 Drain Gate CP Marengo 25x50,9.0,9.0
WCSH001RG LOOP BIDET-WC CONCEALED SINGLE LEVER MIXER  RG,9.0,9.0
lgi 100 1-C Oak Centred,9.0,9.0
TOPPING-R TUTTI FRUTTI 32X99,8.89,8.89
Carrera Hegzagon 25x25,8.75,8.75
Black Calcatta Full Lap 60x120,8.64,8.64
CUMBRIAN VOLCANO RECT. 30X90,8.64,8.64
Cellini Blanco MT 60x60,8.64,8.64
ROOT CREMA FULL LAP 1. 60x120,8.64,8.64
SOHO GRIS 6x25,8.64,8.64
Sabine Gold Pulido 120x120,8.64,8.64
Sweden White 20x120,8.64,8.64
Verse Halima Argile RECT 60x120,8.64,8.64
Maxima Chestnut Flat,8.600000000000001,8.600000000000001
CASTLE COMBE PORC. WHITE 60X120,8.58,8.58
Mauna Dot 2.5x2.5,8.120000000000001,8.120000000000001
Leyte Perla 90x90 - R,8.100000000000001,8.100000000000001
Marsa Cream Shine 30x90,8.100000000000001,8.100000000000001
23401 Basin VENETO 810 WHITE PORCELAIN,8.0,8.0
ALUMACER LISTELO A. R12*10 MM FRESNO MEDIDA 2.6,8.0,8.0
ARGENTA - MUNIA BLANCO BRILLO 25*50,8.0,8.0
ESC001BG LOOP TOILET BRUSH HOLDER BG,8.0,8.0
ESC001BM LOOP TOILET BRUSH HOLDER BM,8.0,8.0
Espejo LED 120,8.0,8.0
GROUT GRANITE,8.0,8.0
GROUT PIEDRA STONE C08,8.0,8.0
Lavabo Liro Seno Fondo 121,8.0,8.0
Lavabo Sira Seno Fondo Desplazado 101,8.0,8.0
MH2D001CRK LOOP KIT HORIZONTAL SHOWER MIXER 2 WAYS CR,8.0,8.0
MN0001MG LOOP BASIN MIXER MG,8.0,8.0
MNOOOIBG LOOP BASIN MIXER BG Brushed Gold,8.0,8.0
MOA005CR DEDAL PIN HIGH BASIN MIXER CR,8.0,8.0
Mosaico Manhatten,8.0,8.0
POR001BG LOOP TOILET PAPER HOLDER BG,8.0,8.0
POR001BM LOOP TOILET PAPER HOLDER BM,8.0,8.0
TAL00120BG LOOP TOWEL RAIL 20 CM BG,8.0,8.0
TAL00145BM LOOP TOWEL RAIL 45 CM BM,8.0,8.0
TOILET SET BG LONG,8.0,8.0
TOILET SET BG SHORT,8.0,8.0
TOILET SET BM LONG,8.0,8.0
TOILET SET BM SHORT,8.0,8.0
Halden Artic Lapado 80x80,7.680000000000001,7.680000000000001
Irham Gris Natural Rectificado 80x80,7.680000000000001,7.680000000000001
Lidya 30x60,7.380000000000001,7.380000000000001
Dassel Walnut Mate 40×120,7.2,7.2
Mussah Black Pul Rc 60x120,7.2,7.2
STN - ARAL WHITE,7.2,7.2
20729 Mirror ROTA 400 vertical,7.000000000000001,7.000000000000001
22792 Storage unit SPIRIT 800 1 metallic drawer NATURAL,7.000000000000001,7.000000000000001
77454  Aran 80 solid surface centred whasbasin,7.000000000000001,7.000000000000001
90992 Handle SPIRIT 800 SOFT WHITE,7.000000000000001,7.000000000000001
ACCLV007WG POP-UP WASTE LV CERAMIC WHITE GLOSS,7.000000000000001,7.000000000000001
ATLAS MARINE BRILLO PB 7.5x15,7.000000000000001,7.000000000000001
Black Inglet Suspendido 80 cm Roble,7.000000000000001,7.000000000000001
Black Onix Roble 100 cm,7.000000000000001,7.000000000000001
Black Onix Roble 100 cm,7.000000000000001,7.000000000000001
Carino Menta Green 20x20,7.000000000000001,7.000000000000001
Classic Travertine 15.25x30.5 - 3CM,7.000000000000001,7.000000000000001
ESC001CR LOOP TOILET BRUSH HOLDER CR,7.000000000000001,7.000000000000001
Espejo Basico 80,7.000000000000001,7.000000000000001
ME2001CRK LOOP KIT W-M SHOWER MIXER 2 WAYS Chrome,7.000000000000001,7.000000000000001
MEN001S18BM LOOP OUTER PARTS W-M BASIN MIXER SPOUT 18 CM REC TRIM BM,7.000000000000001,7.000000000000001
MOLDURA BELLAGIO NUVOLE 2X60,7.000000000000001,7.000000000000001
POR001CR LOOP TOILET PAPER HOLDER CR,7.000000000000001,7.000000000000001
SPIRIT 800 NATURAL,7.000000000000001,7.000000000000001
TAL00145CR LOOP TOWEL RAIL 45 CM CR,7.000000000000001,7.000000000000001
Valencia 120cm Ebony (Valencia 60cm + Valencia 60cm),7.000000000000001,7.000000000000001
Valencia 60cm  Ebony (X2),7.000000000000001,7.000000000000001
WCM50154WM ARC WC MU PACK CERAMIC BLANCO MATE,7.000000000000001,7.000000000000001
Misty 60x60,6.840000000000001,6.840000000000001
P.C. MAXITECH BIBURY BEIGE SATINADO RECT 120x280,6.720000000000001,6.720000000000001
Baltic Sand Exp. 60x60x2,6.48,6.48
Alma Scale Emeral Brillo 8×21.5,6.36,6.36
Pietra Antica Crema 120x260,6.24,6.24
Ravena Natural 120x260,6.24,6.24
Travertine Light 40x70,6.16,6.16
ROOT BOLD 13X13,6.08,6.08
90987 Handle SPIRIT 600 SOFT BLACK,6.000000000000001,6.000000000000001
ALUMACER PELDANO ALUMINIO INTERIOR INOX MEDIDA 2.5,6.000000000000001,6.000000000000001
COL001CR LOOP SINGLE HOOK CR,6.000000000000001,6.000000000000001
COL001MG LOOP SINGLE HOOK MG,6.000000000000001,6.000000000000001
Col / Venus 80cm Hibernain,6.000000000000001,6.000000000000001
EMPERADOR STAIRS 1.4,6.000000000000001,6.000000000000001
ESC001RG LOOP TOILET BRUSH HOLDER RG,6.000000000000001,6.000000000000001
EXPDEDALBOXRt DEDAL MIXER SHOWROOM BOX RM,6.000000000000001,6.000000000000001
MEN001R14BM LOOP OUTER PARTS W-M BASIN MIXER SPOUT 14 CM BM,6.000000000000001,6.000000000000001
MEN005R19CR DEDAL PIN OUTER PARTS W-M BASIN MIXER SPOUT 19 CM CR,6.000000000000001,6.000000000000001
MEN005S19CR DEDAL PIN OUTER PARTS W-M BASIN MIXER SPOUT 19 CM OVAL TRIM CR,6.000000000000001,6.000000000000001
MH2D005BMK DEDAL PIN KIT 2-WAY HORIZONTAL W-M SINGLE LEVER SHOWER MIXER BM,6.000000000000001,6.000000000000001
POR001RG LOOP TOILET PAPER HOLDER RG,6.000000000000001,6.000000000000001
SARDAR BLACK STAIRS 1.40,6.000000000000001,6.000000000000001
TAL00145RG LOOP TOWEL RAIL 45 CM RG,6.000000000000001,6.000000000000001
TESIVE 150 Columna Hibernian 35x150,6.000000000000001,6.000000000000001
THIN BASIN 455*455*135/JC009,6.000000000000001,6.000000000000001
TOILET SET CR LONG,6.000000000000001,6.000000000000001
TOILET SET CR SHORT,6.000000000000001,6.000000000000001
TOILET SET RG LONG,6.000000000000001,6.000000000000001
TOILET SET RG SHORT,6.000000000000001,6.000000000000001
Venus 80cm Hibernain,6.000000000000001,6.000000000000001
Venus 80cm Hibernain-S,6.000000000000001,6.000000000000001
Cross Cut Cloud IN 60X120,5.760000000000001,5.760000000000001
MONTANA OAK CALIBR. 20x120,5.760000000000001,5.760000000000001
Newbury Pulido 120x240,5.760000000000001,5.760000000000001
Thasos Square 23x23 6 mm,5.180000000000001,5.180000000000001
CALACATTA WHITE SOFT B 163X323,5.12,5.12
"LUNA BLANCA SOFT B 163X323X1,2 (SAMPLE)",5.12,5.12
TUNDRA LIGHT 30x60,5.12,5.12
Elk Taupe MT 20x120,5.04,5.04
(Basico) Bancada Soria Hibernian 100,5.0,5.0
(Led) Bancada Soria Hibernian 100,5.0,5.0
00088 Aalto 80 mirror with solid Walnut frame,5.0,5.0
31211 Roten 80 silk31211 White lacquered vanity for centred basin,5.0,5.0
32843 Forma Small 80 solid surface centred washbasin,5.0,5.0
34007 Eris 80 mirror with solid surface frame,5.0,5.0
77027 Valndt 80 solid Walnut vanity for centred basin,5.0,5.0
"ACCLV002MG METALLIC TUBULAR BOTTLE SIPHON 1""1/4 MG",5.0,5.0
Alumacer/ 000CRU2 - CRUCETAS PVC 2 mm (كيس/ 300),5.0,5.0
Bancada soria Hibernian 100,5.0,5.0
FASTER SHINE PINK,5.0,5.0
Faster Slim Seat Cover Quick Release FAZQ **SHINE PINK**,5.0,5.0
Faster Toilet Seat Rimless FAWR20 **SHINE PINK**,5.0,5.0
GIO EVO' Slim Soft-Closing Seat Cover Quick Release GZQ **GREEN MATT**,5.0,5.0
GIO EVO' Toilet Seat Rimless GWR20 **GREEN MATT**,5.0,5.0
GIO’ EVO GREEN MATT,5.0,5.0
GROUT MARFIL-C1,5.0,5.0
MEN005R19RG DEDAL PIN OUTER PARTS W-M BASIN MIXER SPOUT 19 RG,5.0,5.0
MEN005R19RM DEDAL PIN OUTER PARTS W-M BASIN MIXER SPOUT 19 RM,5.0,5.0
MEN005S19RG DEDAL PIN OUTER PARTS W-M BASIN MIXER SPOUT 19 CM OVAL TRIM RG,5.0,5.0
MNO005BM DEDAL PIN BASIN MIXER BM,5.0,5.0
MNO005RM DEDAL PIN BASIN MIXER RM,5.0,5.0
MOA001MG LOOP HIGH BASIN MIXER MG METAL GUN,5.0,5.0
"MS01494 CAMBRIDGE GLACIER HON-BLACK POL-SNOW WHITE 10 HON 32,7X32,7",5.0,5.0
Metal Structure For (W1-W2)   W3 **WHITE MATT**,5.0,5.0
Night Grey Stairs 1.20,5.0,5.0
Persian Nero Stairs 1.30,5.0,5.0
Roten 80 silk White Centred,5.0,5.0
Status P Pulido 120x240,5.0,5.0
TL21439 EMPERADOR DARK POLISHED MARBLE TILE 45.7x45.7,5.0,5.0
Valnöt 80 Walnut centred,5.0,5.0
"OTTO COTTO 16,8X16,8",4.430000000000001,4.430000000000001
QUATTRO COTTO 12X12,4.430000000000001,4.430000000000001
CONCEPT DECOR GREY (GPR-R) 60x120,4.32,4.32
Stecche Nobile Nogal 60x120,4.32,4.32
WABI SABBIA LAPATTO RECT 60X120,4.32,4.32
31x46 New Castilla Dot,4.06,4.06
Swimming pool (Kara Blue Dot 2.5x2.5),4.06,4.06
14711 Basin IBERIA 610,4.0,4.0
14862 Dondo XXL mirror diam 120mm,4.0,4.0
22790 Storage unit SPIRIT 800 1 metallic drawer GLOSS GREY,4.0,4.0
26435 /  25628 VAN  VINCI SUSP 800 1C AFR,4.0,4.0
"ACCLV002BG METALLIC TUBULAR BOTTLE SIPHON 1""1/4 BG",4.0,4.0
COLOOINB LOOP SINGLE HOOK NB,4.0,4.0
COLOOIRG LOOP SINGLE HOOK RG,4.0,4.0
EMPERADOR STAIRS 1.2,4.0,4.0
GIO 2.0 Drop-in Wash-basin 1Hole G240 **GREY MATT**,4.0,4.0
ME2001RGK LOOP KIT W-M SHOWER MIXER 2 WAYS RG,4.0,4.0
MH2D001RGK LOOP KIT HORIZONTAL SHOWER MIXER 2 WAYS RG,4.0,4.0
MH2D005RMK DEDAL PIN KIT 2-WAY HORIZONTAL W-M SINGLE LEVER SHOWER MIXER RM,4.0,4.0
MOA005BM DEDAL PIN HIGH BASIN MIXER BM,4.0,4.0
MOA005RG DEDAL PIN HIGH BASIN MIXER RG,4.0,4.0
Metal Structure For (W1-W2) W3 **BLACK**,4.0,4.0
RECGR0236 LOOP-CUBO-AIR-DEDAL CARTRIDGE MEN000 KEROX NKB-35 A,4.0,4.0
RECGR0472. LOOP AEREATOR+KEY MNO-MOA-MEN-MEX 44.3254.010 CACH^TT (NEOPERL),4.0,4.0
STN - JAPON ROBLE,3.6,3.6
Ferrara Old School Corner,3.5,3.5
KANE PICKET WHITE PB BRILLO 7.5x30,3.08,3.08
15846 Bert 120 Silk Ocean Lacquered Vanity for Right Shifted Basin,3.0,3.0
16912 MIRROR SENA 1000 H.V,3.0,3.0
20741 Mirror REFLEXO 1000 LED light,3.0,3.0
21735 Light PANDORA 308 LED light,3.0,3.0
23400 Basin VENETO 610 1B,3.0,3.0
23982 Storage unit MON TERREY 800 BAY PINE,3.0,3.0
25441 Top COMPAKT 46 from 1001 to 1200 mm with 1 integrated sink GREY STONE,3.0,3.0
"25593 Callisto 80 mirror with led backlight ,no steam system and switch",3.0,3.0
26195 Towell rail COMPAKT MATT BLACK,3.0,3.0
26635 Vanity SPIRIT 600 ALSACIA,3.0,3.0
26650 Storage unit SPIRIT 400 reversible 1 door ALSACIA,3.0,3.0
26779 CONSTANZA 1010 Basin,3.0,3.0
27043 Double towel rail JAZZ  BLACK,3.0,3.0
34946Daro 120 solid surface washbasin for right shifted basin,3.0,3.0
38258 Chic 80 silk Black lacquered vanity for centred basin,3.0,3.0
87869 / 87877 Vanity OPTIMUS 100 NORDICK,3.0,3.0
87879 Tall Unit OPTIMUS NORDICK,3.0,3.0
90984 Handle SPIRIT 400 SOFT BLACK,3.0,3.0
91331 Handle STYLE 35 BLACK MATT,3.0,3.0
91491 Countertop basin BULKAN BLACK,3.0,3.0
Bert 120 silk Ocena,3.0,3.0
COMOOOIBG LOOP EXTENDABLE SINGLE LEVER SHOWER COLUMN BG,3.0,3.0
Chic 80 silk Black Centred,3.0,3.0
ELLADE WHITE,3.0,3.0
ESC001MG LOOP TOILET BRUSH HOLDER MG,3.0,3.0
EXPLOOPBOXBM LOOP MIXER SHOWROOM BOX BLACK MATT,3.0,3.0
EXPLOOPBOXCR LOOP MIXER SHOWROOM BOX CHROME PLATE,3.0,3.0
EXPLOOPBOXMG LOOP MIXER SHOWROOM BOX METAL GUN,3.0,3.0
EXPLOOPBOXNB LOOP MIXER SHOWROOM BOX NICKLE BRUSHED,3.0,3.0
Ellade Toilet Seat / Wall-hung  DW10,3.0,3.0
Ellade White Seat Cover DXZ,3.0,3.0
Faster Slim Seat Cover Quick Release  FAZQ **BLACK MATT**,3.0,3.0
GIO 2.0 Drop-in Wash-basin 1Hole G240 **PINK MATT**,3.0,3.0
GROUT TERRA COTTA - C26,3.0,3.0
LV3150404015W MARTANA LV OT SANYDUR 40X40X15CM WHITE MATT,3.0,3.0
ME2001BGK LOOP KIT W-M SHOWER MIXER 2 WAYS BG,3.0,3.0
MEN005R19BM DEDAL PIN OUTER PARTS W-M BASIN MIXER SPOUT 19 CM BM,3.0,3.0
MEN005S19BM DEDAL PIN OUTER PARTS W-M BASIN MIXER SPOUT 19 CM OVAL TRIM BM,3.0,3.0
MH2D001BGK LOOP KIT HORIZONTAL SHOWER MIXER 2 WAYS BG,3.0,3.0
MH2D001BMK LOOP KIT HORIZONTAL SHOWER MIXER 2 WAYS BM,3.0,3.0
MH2D001MGK LOOP KIT HORIZONTAL SHOWER MIXER 2 WAYS MG,3.0,3.0
MOA001RG LOOP HIGH BASIN MIXER RG,3.0,3.0
POR001MG LOOP TOILET PAPER HOLDER MG,3.0,3.0
RECGR0707. 15MM EXTENSION KIT MEN000,3.0,3.0
RJ25000 25X50 CP MARENGO,3.0,3.0
TOILET SET MG SHORT,3.0,3.0
Wash Basin 43CM W1,3.0,3.0
Wire Counter-top Wash Basin 43CM W1 **BLACK/GOLD MARBLE**,3.0,3.0
Acron White 60x120 SL,2.88,2.88
DECOR SPRING 60X120,2.88,2.88
Statuario Blanco 60x120,2.88,2.88
Pratico Pearl Flat,2.79,2.79
KANE PICKET SAGE PB BRILLO 7.5x30,2.64,2.64
Thasos Hegzagon 23x48,2.5,2.5
QUATTRO BLUE 12X12,2.46,2.46
SAJONIA CEREZO 19.5X120,2.34,2.34
Linnear Nut 31.6x100,2.16,2.16
HEX.ARCHAI CHIPPER R10   23'3X26'8,2.06,2.06
AUREUM BOLD 13X13,2.03,2.03
Mosaic - Kara Beige 2.5x2.5,2.03,2.03
00118 Aalto 120 mirror with solid Wallnut frame,2.0,2.0
(Basico) Bancada soria Cambrian 100,2.0,2.0
(Led) Bancada soria Cambrian 100,2.0,2.0
13704 Aran 120 solid surface washbasin with left shifted basin,2.0,2.0
24462 Top from 1401 to 1800 for top basin WHITE SOLID 12 mm,2.0,2.0
26536 Countertop basin BOL SOLID SURFACE,2.0,2.0
31341Roten 120 silk Black lacquered vanity for centred basin,2.0,2.0
32928 Forma Large 120 solid surface centred washbasin,2.0,2.0
34045 Eris 120 mirror with solid surface frame,2.0,2.0
76983 Valnot 120 solid Walnut vanity left shifted basin,2.0,2.0
83964 Mirror MOON 1000 round with light,2.0,2.0
85027 / 85472 S.NOJA 600 OAK CALEDONIA,2.0,2.0
87813 LIGHT OPTIMUS 1000,2.0,2.0
87861 Mirror APOLO 1000 black horizontal with shelf with LED light,2.0,2.0
90993 Handle SPIRIT 800 SOFT BLACK,2.0,2.0
91259 Top to 1000 for top basin without towel rail BLACK STATE,2.0,2.0
91335 Handle STYLE 192 BLACK MATT,2.0,2.0
BNEX005RG DEDAL FREESTANDING FAUCET FOR BATHTUB RG,2.0,2.0
BNEX005RM DEDAL FREESTANDING FAUCET FOR BATHTUB RM ,2.0,2.0
Bancada Soria Cambrian 100,2.0,2.0
Black Módena 80cm Ebony,2.0,2.0
Black Módena 80cm Ebony,2.0,2.0
Black Onix  Lacado Blanco 100 cm,2.0,2.0
Col / Black Onix Lacado Blanco Brillo 100cm,2.0,2.0
FASTER BLACK MATT,2.0,2.0
Faster Slim Seat Cover Quick Release FAZQ **WHITE**,2.0,2.0
Faster Toilet Seat Rimless FAWR20 **BLACK MATT**,2.0,2.0
Ferrara Lava Flat,2.0,2.0
GIO 2.0 Drop-in Wash-basin 1Hole G240 **GREEN MATT**,2.0,2.0
GIO EVO' 2.0 Rectangular Countertop Wash Basin 60cm G40E **PINK MATT**,2.0,2.0
GIO EVO' Slim Soft-Closing Seat Cover Quick Release GZQ **GREY MATT**,2.0,2.0
GIO EVO' Toilet Seat Rimless GWR20 **GREY MATT**,2.0,2.0
GIO’ EVO GREY MATT,2.0,2.0
LV5050593914WG BERGAMO LV SE CERAMIC 59X39X14 CM BLANCO BRILLO,2.0,2.0
"LV5200514013WM CATANIA LV SE CERAMIC 50,5X40X13,5 CM BLANCO MATE",2.0,2.0
"LV5310463314WM MODENA LV SE CERAMIC 46X32,5X13,5 CM BLANCO MATE",2.0,2.0
ME2001BMK LOOP KIT W-M SHOWER MIXER 2 WAYS BM,2.0,2.0
MEN001R18BM LOOP OUTER PARTS W-M BASIN MIXER BM,2.0,2.0
METAL STRUCTURE,2.0,2.0
OPTIMUS 1000 NORDICK COLUMN,2.0,2.0
RECGR0132 AIR-CUBO AERATOR+FITTING MNO-MOA-MEX-MEN 40.8054.010 (NEOPERL),2.0,2.0
Roten 120 silk Black Centred,2.0,2.0
S / Black Onix Lacado Blanco Brillo 100cm,2.0,2.0
SPIRIT 600 ALSACIA,2.0,2.0
SWIMMING POOL ( BLUE MARLIN ),2.0,2.0
Sphere Wash-Basin (44-H17) SP17 **SHINE RED**,2.0,2.0
TAL00145MG LOOP TOWEL RAIL 45 CM MG,2.0,2.0
TOILET SET MG LONG,2.0,2.0
Valnöt 120 solid Walnut,2.0,2.0
Venus  Hibernian 120cm,2.0,2.0
Wire Counter-top Wash Basin 43CM W1 **WHITE MATT MARBLE**,2.0,2.0
ZOCALO BELLAGIO NUVOLE 10X60,2.0,2.0
RADIX CHIPPER 8X31'5,1.89,1.89
Arcadia Dark Rundle Corner,1.8,1.8
Nolita Marine 6.5x20,1.8,1.8
Ferrara Lava Corners,1.75,1.75
Klebb White Matt 60X120,1.44,1.44
Sauco Natural,1.4,1.4
MONACO-R NEGRO 80X80,1.28,1.28
MONACO-R ROJIZO 80X80,1.28,1.28
MONACO-R VERDE ANTIDES 80X80,1.28,1.28
Tessino Bronze Pulido Rec.80x80,1.28,1.28
Tempo Cotton MT 75x150,1.12,1.12
Blending Medley Marfil 30x90,1.08,1.08
MENORCA TERRA 10X10,1.02,1.02
OLA AZUL 10X10,1.02,1.02
VELA AZUL MIX 10X10,1.02,1.02
AUREUM CHIPPER 13X13,1.01,1.01
00132 Aalto 140 mirror with solid Wallnut frame,1.0,1.0
00460 Oval Solid Surface basin,1.0,1.0
05892 Bert 80 Grafito lacquered vanity for centred basin,1.0,1.0
"13292 Dondo round mirror 758mm diameter, with no steam system and infrared switch",1.0,1.0
16409 Bert 120 silk Ocean lacquered vanity for left shifted basin,1.0,1.0
16908 MIR. SENA 600x800,1.0,1.0
26126 Towel rail shelf 400 SOLID SURFACE,1.0,1.0
26436 / 25628 VAN VINCI SUSP 1C AFR,1.0,1.0
34861 Daro 80 solid surface 12mm washbasin with centred basin,1.0,1.0
35073 Daro 120 solid surface washbasin for left shifted basin,1.0,1.0
35653 Marquina marble worktop 140,1.0,1.0
77010 Valnot 140 solid Walnut vanity for left shifted basin,1.0,1.0
84122 LIGHT BOREAL 308,1.0,1.0
ACCLV002RG METALLIC TUBULAR BOTTLE SIPHON 1''1/4 RG,1.0,1.0
ALASSIO-R MULTICOLOR 20X20,1.0,1.0
BA002BN301MA GREGAL TRAY BN DUNA D30 CM IROKO  WOOD,1.0,1.0
BA002BN302MA GREGAL TRAY BN OASIS D30 CM IROKO WOOD,1.0,1.0
BABN001MA MISTRAL TRAY BN FS 86X20 CM IROKO WOOD,1.0,1.0
BABN154170080M CALMA TRAY BN CLAMA IROKO WOOD,1.0,1.0
BERT 80 Grafito Centred,1.0,1.0
BN141170080WG TORINO MURO BN AM ACRIL 170X80X58 CM BLANCO BRILLO,1.0,1.0
BN301160075CIV DUNA BN FS SANYDUR 160X75X55 CM COLORMATERIA,1.0,1.0
BNACC208 PONIENTE REPOSACABEZAS TEXTIL,1.0,1.0
BNCA001MG LOOP WALL-MOUNTED BATHTUB SPOUT MG,1.0,1.0
BNEX001BG  LOOP FREESTANDING FAUCET FOR BATHTUB BG,1.0,1.0
Bert 120 Silk,1.0,1.0
Carrara White Hill flat (sample),1.0,1.0
D61 Ellade Bathtub With Chrome Legs,1.0,1.0
DUNA COLORMATERIA,1.0,1.0
ELLADE CONSOLE,1.0,1.0
Ellade Consolle 93CM D31,1.0,1.0
FASTER SHINE BLUE,1.0,1.0
FASTER WHITE,1.0,1.0
Faster Slim Seat Cover Quick Release FAZQ **SHINE BLUE**,1.0,1.0
Faster Slim Seat Cover Quick Release FAZQ **WHITE MATT**,1.0,1.0
Faster Toilet Seat Rimless FAWR20 **GREY MATT**,1.0,1.0
Faster Toilet Seat Rimless FAWR20 **SHINE BLUE**,1.0,1.0
Faster Toilet Seat Rimless FAWR20 **WHITE**,1.0,1.0
GIO 2.0 Drop-in Wash-basin 1Hole G240 **WHITE**,1.0,1.0
LAGLIO-R MULTICOLOR 20X20,1.0,1.0
LISTELO ACERO 12x12 MM. INOX ORO BRILLO,1.0,1.0
LOANO-R BEIGE 20X20,1.0,1.0
LOANO-R MULTICOLOR 20X20,1.0,1.0
LV312D4012WM. RONDO LV SE SANYDUR D40X12 CM BLANCO MATE,1.0,1.0
Lavabos Lira Seno Fondo Desplazado 121,1.0,1.0
MH2000 SANYBOX UNIVERSAL CONCEALED BODY BATHTUB MIXER 2 WAYS,1.0,1.0
MH2D001MG LOOP EXTERNAL PART 2-WAY HORIZONTAL W-M SINGLE LEVER SHOWER MIXER MG,1.0,1.0
MH2D005RGK DEDAL PIN KIT 2-WAY HORIZONTAL W-M SINGLE LEVER SHOWER MIXER RG,1.0,1.0
MNO005BM DEDAL PIN BASIN MIXER RG,1.0,1.0
NOJA 600 OAK,1.0,1.0
OASIS PLINTH SANYDUR D130X55 CM  WHITE MAT,1.0,1.0
ORCIA-R CARBON 20X20,1.0,1.0
PIBN154170080BM PIES CALMA NEGRO MATE,1.0,1.0
SPIRIT 800 GLOSS GREY,1.0,1.0
SWIMMING POOL ( DOLPHIN ),1.0,1.0
Sphere Wash-Basin (44-H17) SP17 **SHINE BLUE**,1.0,1.0
Swimming Pool (Step Bali Stone SEDA Antislip),1.0,1.0
THIN BASIN 400*400*155,1.0,1.0
THIN BASIN 455*455*135/JC015,1.0,1.0
THIN BASIN 475*335*215,1.0,1.0
T_BN154170080WG Calma BN White Brillo,1.0,1.0
T_BN302D130WM2506289001  OASIS  BN FS SANYDUR D130X55 CM WHITE MATT,1.0,1.0
Torino Muro Blanco,1.0,1.0
V110CR Ellade Chrome Structure for D31,1.0,1.0
Valencia 80cm Ebony,1.0,1.0
Valencia 80cm Ebony,1.0,1.0
Valencia 80cm Ebony - Col,1.0,1.0
Valencia columna Ebony 35x150,1.0,1.0
Valnöt 140 Walnut Left,1.0,1.0
Venus 120cm Hibernain - Col,1.0,1.0
Venus 120cm Hibernain - S,1.0,1.0
WCM50154WG. ARC WC MU PACK CERAMIC BLANCO BRILLO,1.0,1.0
ZOBNB4000 PLINTH BN OASIS D130X55 CM AMERICAN WALNUT,1.0,1.0
OCT.ANTIBES VERDE 20X20,0.9600000000000001,0.9600000000000001
OCT.TOLONE BEIGE 20X20,0.9600000000000001,0.9600000000000001
OCT.VALETA VERDE 20X20,0.9600000000000001,0.9600000000000001
Savoy Moon IN 60x120,0.9600000000000001,0.9600000000000001
Formentor Iridis Dot 31x46,0.93,0.93
Jasmine White 30x60,0.7200000000000001,0.7200000000000001
MURUS TERRA 7X28,0.5900000000000001,0.5900000000000001
AGER-4 GARNET 13x13,0.48,0.48
LEAF COLOURS FOREST 33X100 RC,0.33,0.33
Nolita Verde 6.5x20,0.27,0.27
DAROCA BLACK 15X15 ,0.26,0.26
Ordesa Mix12.5X25,0.24,0.24
TACO BASTIA BEIGE 4X4,0.2,0.2
TACO BASTIA NEGRO 4X4,0.2,0.2
TACO BASTIA ROJIZO 4X4,0.2,0.2
Travertine Noce 40x80x2CM,0.16,0.16
Nervion 22  22.5x22.5,0.13,0.13
SL CONTRACT PEARL 75X75,0.125,0.125
XS TRAMES PATCH AMD RC   60x120,0.12,0.12
Classic Travertine 40.6x40.6 - 3CM,0.11012,0.11012
Borba Perla 31.2x31.2,0.09000000000000001,0.09000000000000001
ETIENNE GREY PRC RC 60x60,0.08,0.08
Bianco Colorado 30x50,0.05,0.05
Classic Travertine 15.25 x 15.25 - 3CM,0.01708,0.01708
